// Auto-generated: embedded dev9/netman/smap (NETMAN-mode) IOP module binaries.
// Embedded (not loaded via SifLoadModule from a file path) so PCSX2 genuinely executes the
// real driver code instead of substituting its own internal HLE - matches the official ps2sdk
// tcpip_dhcp sample AND a separately-verified working reference project (httpechotest, same
// user/setup) which embeds all three of dev9/netman/smap this same way, not just netman/smap.

static const unsigned char dev9_irx[] = {
    0x7f,0x45,0x4c,0x46,0x01,0x01,0x01,0x00,0x00,0x00,0x00,0x00,0x00,0x00,0x00,0x00,
    0x80,0xff,0x08,0x00,0x01,0x00,0x00,0x00,0x80,0x15,0x00,0x00,0x34,0x00,0x00,0x00,
    0xd0,0x20,0x00,0x00,0x01,0x10,0x00,0x00,0x34,0x00,0x20,0x00,0x02,0x00,0x28,0x00,
    0x0b,0x00,0x08,0x00,0x80,0x00,0x00,0x70,0x74,0x00,0x00,0x00,0x00,0x00,0x00,0x00,
    0x00,0x00,0x00,0x00,0x1b,0x00,0x00,0x00,0x00,0x00,0x00,0x00,0x04,0x00,0x00,0x00,
    0x04,0x00,0x00,0x00,0x01,0x00,0x00,0x00,0x90,0x00,0x00,0x00,0x00,0x00,0x00,0x00,
    0x00,0x00,0x00,0x00,0xf0,0x1f,0x00,0x00,0xc0,0x20,0x00,0x00,0x07,0x00,0x00,0x00,
    0x10,0x00,0x00,0x00,0xe4,0x1f,0x00,0x00,0x80,0x15,0x00,0x00,0xe0,0x9f,0x00,0x00,
    0xb0,0x1b,0x00,0x00,0x40,0x04,0x00,0x00,0xd0,0x00,0x00,0x00,0x08,0x02,0x00,0x00,
    0x00,0x00,0xc0,0x41,0x00,0x00,0x00,0x00,0x09,0x01,0x00,0x00,0x64,0x65,0x76,0x39,
    0x00,0x00,0x00,0x00,0x80,0x15,0x00,0x00,0x58,0x00,0x00,0x00,0xf0,0x03,0x00,0x00,
    0x58,0x00,0x00,0x00,0xf8,0x03,0x00,0x00,0x90,0x0e,0x00,0x00,0x40,0x04,0x00,0x00,
    0x10,0x0e,0x00,0x00,0x50,0x0e,0x00,0x00,0x44,0x10,0x00,0x00,0xa0,0x10,0x00,0x00,
    0x08,0x1a,0x00,0x00,0x10,0x04,0x00,0x00,0x28,0x04,0x00,0x00,0x5c,0x11,0x00,0x00,
    0xe8,0x10,0x00,0x00,0x00,0x00,0x00,0x00,0x08,0x00,0xe0,0x03,0x00,0x00,0x00,0x00,
    0x08,0x00,0xe0,0x03,0x25,0x10,0x00,0x00,0x25,0x10,0x00,0x00,0x08,0x00,0xe0,0x03,
    0x25,0x18,0x00,0x00,0xd8,0xff,0xbd,0x27,0x10,0x00,0xb0,0xaf,0x24,0x00,0xbf,0xaf,
    0x20,0x00,0xb4,0xaf,0x1c,0x00,0xb3,0xaf,0x18,0x00,0xb2,0xaf,0x14,0x00,0xb1,0xaf,
    0x12,0x00,0x80,0x14,0x25,0x80,0x80,0x00,0x00,0xb0,0x11,0x3c,0x10,0x00,0x14,0x24,
    0x28,0x00,0x23,0x96,0x2a,0x00,0x22,0x96,0x00,0x00,0x00,0x00,0x24,0x10,0x43,0x00,
    0xff,0xff,0x42,0x30,0x18,0x00,0x40,0x14,0x25,0x90,0x00,0x00,0x24,0x00,0xbf,0x8f,
    0x20,0x00,0xb4,0x8f,0x1c,0x00,0xb3,0x8f,0x18,0x00,0xb2,0x8f,0x14,0x00,0xb1,0x8f,
    0x10,0x00,0xb0,0x8f,0x08,0x00,0xe0,0x03,0x28,0x00,0xbd,0x27,0x00,0x00,0x11,0x3c,
    0x54,0x20,0x31,0x26,0x00,0x00,0x12,0x3c,0x94,0x20,0x52,0x26,0x00,0x00,0x22,0x8e,
    0x00,0x00,0x00,0x00,0x03,0x00,0x40,0x10,0x00,0x00,0x00,0x00,0x09,0xf8,0x40,0x00,
    0x25,0x20,0x00,0x02,0x04,0x00,0x31,0x26,0xf8,0xff,0x32,0x16,0x00,0x00,0x00,0x00,
    0xe2,0xff,0x00,0x10,0x00,0xb0,0x11,0x3c,0x00,0x00,0x13,0x3c,0x54,0x20,0x73,0x26,
    0x00,0x00,0x63,0x8e,0x00,0x00,0x00,0x00,0x0c,0x00,0x60,0x10,0x00,0x00,0x00,0x00,
    0x28,0x00,0x24,0x96,0x2a,0x00,0x22,0x96,0x00,0x00,0x00,0x00,0x24,0x10,0x44,0x00,
    0xff,0xff,0x42,0x30,0x07,0x10,0x42,0x02,0x01,0x00,0x42,0x30,0x03,0x00,0x40,0x10,
    0x00,0x00,0x00,0x00,0x09,0xf8,0x60,0x00,0x25,0x20,0x00,0x02,0x01,0x00,0x52,0x26,
    0xef,0xff,0x54,0x16,0x04,0x00,0x73,0x26,0xcd,0xff,0x00,0x10,0x00,0x00,0x00,0x00,
    0x80,0xbf,0x02,0x3c,0x62,0x14,0x44,0x94,0x04,0x00,0x05,0x24,0x0c,0x00,0x83,0x30,
    0x07,0x00,0x65,0x10,0x03,0x00,0x02,0x24,0x04,0x00,0x84,0x30,0x04,0x00,0x80,0x10,
    0x01,0x00,0x02,0x24,0x0c,0x00,0x63,0x38,0x01,0x00,0x63,0x2c,0x40,0x10,0x03,0x00,
    0x08,0x00,0xe0,0x03,0x00,0x00,0x00,0x00,0x00,0x00,0x02,0x3c,0x94,0x20,0x42,0x8c,
    0x00,0x00,0x00,0x00,0x12,0x00,0x40,0x10,0x00,0x00,0x00,0x00,0xe8,0xff,0xbd,0x27,
    0x14,0x00,0xbf,0xaf,0x09,0xf8,0x40,0x00,0x25,0x20,0x00,0x00,0x00,0x00,0x02,0x3c,
    0xf0,0x1f,0x42,0x90,0x00,0x00,0x00,0x00,0x03,0x00,0x40,0x14,0x01,0x00,0x03,0x24,
    0x80,0xbf,0x02,0x3c,0x66,0x14,0x43,0xa4,0x14,0x00,0xbf,0x8f,0x80,0xbf,0x02,0x3c,
    0x66,0x14,0x40,0xa4,0x01,0x00,0x02,0x24,0x08,0x00,0xe0,0x03,0x18,0x00,0xbd,0x27,
    0x00,0x00,0x02,0x3c,0xf0,0x1f,0x42,0x90,0x00,0x00,0x00,0x00,0x03,0x00,0x40,0x14,
    0x80,0xbf,0x02,0x3c,0x01,0x00,0x03,0x24,0x66,0x14,0x43,0xa4,0x80,0xbf,0x02,0x3c,
    0x66,0x14,0x40,0xa4,0x08,0x00,0xe0,0x03,0x01,0x00,0x02,0x24,0xd8,0xff,0xbd,0x27,
    0x00,0x00,0x02,0x3c,0xc0,0x1b,0x42,0x24,0x10,0x00,0xa2,0xaf,0x00,0x00,0x02,0x3c,
    0xc4,0x1b,0x42,0x24,0x14,0x00,0xa2,0xaf,0x00,0x00,0x02,0x3c,0xcc,0x1b,0x42,0x24,
    0x24,0x00,0xbf,0xaf,0xc6,0xff,0x11,0x04,0x18,0x00,0xa2,0xaf,0x80,0xbf,0x03,0x3c,
    0x60,0x14,0x63,0x24,0x02,0x00,0x63,0x94,0x00,0x00,0x01,0x3c,0xa4,0x20,0x22,0xac,
    0x03,0x00,0x63,0x30,0x04,0x00,0x60,0x10,0x01,0x00,0x04,0x24,0x03,0x00,0x63,0x38,
    0x2b,0x18,0x03,0x00,0x40,0x20,0x03,0x00,0x02,0x00,0x03,0x24,0x00,0x00,0x01,0x3c,
    0xa8,0x20,0x24,0xac,0x05,0x00,0x43,0x10,0x05,0x00,0x06,0x24,0x01,0x00,0x03,0x24,
    0x02,0x00,0x43,0x14,0x25,0x30,0x00,0x00,0x03,0x00,0x06,0x24,0x80,0x20,0x04,0x00,
    0x21,0x20,0xa4,0x03,0x10,0x00,0x85,0x8c,0x00,0x00,0x04,0x3c,0x17,0x06,0x11,0x04,
    0xd4,0x1b,0x84,0x24,0x00,0x00,0x04,0x3c,0xa4,0x20,0x84,0x8c,0x03,0x00,0x03,0x24,
    0x07,0x00,0x83,0x10,0xff,0xff,0x02,0x24,0x00,0x00,0x02,0x3c,0xa8,0x20,0x42,0x8c,
    0x00,0x00,0x00,0x00,0x01,0x00,0x42,0x38,0x2b,0x10,0x02,0x00,0x23,0x10,0x02,0x00,
    0x24,0x00,0xbf,0x8f,0x00,0x00,0x00,0x00,0x08,0x00,0xe0,0x03,0x28,0x00,0xbd,0x27,
    0xe0,0xff,0xbd,0x27,0x80,0xbf,0x02,0x3c,0x14,0x00,0xb0,0xaf,0x64,0x14,0x50,0x94,
    0x66,0x14,0x43,0x94,0x00,0x00,0x02,0x3c,0xb0,0x20,0x42,0x8c,0x1c,0x00,0xbf,0xaf,
    0x09,0x00,0x40,0x10,0x18,0x00,0xb1,0xaf,0x00,0xb4,0x05,0x3c,0x04,0x00,0xa4,0x94,
    0x00,0x00,0x00,0x00,0x04,0x00,0x84,0x30,0x23,0x00,0x80,0x10,0x25,0x10,0x00,0x00,
    0x04,0x00,0x02,0x24,0x04,0x00,0xa2,0xa4,0x80,0xbf,0x11,0x3c,0x64,0x14,0x30,0xa6,
    0x25,0x80,0x03,0x02,0x03,0x00,0x02,0x32,0x60,0x14,0x31,0x26,0x0b,0x00,0x40,0x10,
    0x06,0x00,0x23,0xa6,0x00,0x00,0x02,0x3c,0x94,0x20,0x42,0x8c,0x00,0x00,0x00,0x00,
    0x03,0x00,0x40,0x10,0x00,0x00,0x00,0x00,0x09,0xf8,0x40,0x00,0x01,0x00,0x04,0x24,
    0x0c,0x00,0x20,0xa6,0xa9,0xff,0x11,0x04,0x14,0x00,0x20,0xa6,0x80,0x00,0x10,0x32,
    0x09,0x00,0x00,0x12,0x80,0xbf,0x02,0x3c,0x00,0x00,0x02,0x3c,0x94,0x20,0x42,0x8c,
    0x00,0x00,0x00,0x00,0x03,0x00,0x40,0x10,0x00,0x00,0x00,0x00,0x09,0xf8,0x40,0x00,
    0x25,0x20,0x00,0x00,0x80,0xbf,0x02,0x3c,0x01,0x00,0x03,0x24,0x7e,0x14,0x43,0xa4,
    0x7e,0x14,0x40,0xa4,0x01,0x00,0x02,0x24,0x1c,0x00,0xbf,0x8f,0x18,0x00,0xb1,0x8f,
    0x14,0x00,0xb0,0x8f,0x08,0x00,0xe0,0x03,0x20,0x00,0xbd,0x27,0x00,0x00,0x05,0x3c,
    0xb4,0x20,0xa5,0x8c,0x00,0x00,0x04,0x3c,0xcc,0x05,0x00,0x10,0x00,0x1c,0x84,0x24,
    0x08,0x00,0xe0,0x03,0x25,0x10,0x00,0x00,0x80,0x20,0x04,0x00,0x00,0x00,0x02,0x3c,
    0x54,0x20,0x42,0x24,0x21,0x10,0x44,0x00,0x08,0x00,0xe0,0x03,0x00,0x00,0x45,0xac,
    0x80,0x20,0x04,0x00,0x00,0x00,0x02,0x3c,0x04,0x20,0x42,0x24,0x21,0x10,0x44,0x00,
    0x08,0x00,0xe0,0x03,0x00,0x00,0x45,0xac,0x80,0x20,0x04,0x00,0x00,0x00,0x02,0x3c,
    0xf4,0x1f,0x42,0x24,0x21,0x10,0x44,0x00,0x08,0x00,0xe0,0x03,0x00,0x00,0x45,0xac,
    0xe0,0xff,0xbd,0x27,0x18,0x00,0xb1,0xaf,0x14,0x00,0xb0,0xaf,0x1c,0x00,0xbf,0xaf,
    0x00,0x00,0x10,0x3c,0x14,0x20,0x10,0x26,0x00,0x00,0x11,0x3c,0x54,0x20,0x31,0x26,
    0x00,0x00,0x02,0x8e,0x00,0x00,0x00,0x00,0x03,0x00,0x40,0x10,0x00,0x00,0x00,0x00,
    0x09,0xf8,0x40,0x00,0x00,0x00,0x00,0x00,0x04,0x00,0x10,0x26,0xf8,0xff,0x11,0x16,
    0x00,0x00,0x00,0x00,0x00,0x00,0x03,0x3c,0xe0,0x1f,0x63,0x8c,0x00,0x00,0x00,0x00,
    0x0b,0x00,0x60,0x14,0x01,0x00,0x02,0x24,0x80,0xbf,0x02,0x3c,0x6c,0x14,0x40,0xa4,
    0x74,0x14,0x40,0xa4,0x1c,0x00,0xbf,0x8f,0x18,0x00,0xb1,0x8f,0x14,0x00,0xb0,0x8f,
    0x0f,0x00,0x04,0x3c,0x40,0x42,0x84,0x24,0xac,0x05,0x00,0x10,0x20,0x00,0xbd,0x27,
    0xf8,0xff,0x62,0x14,0x80,0xbf,0x04,0x3c,0x66,0x14,0x83,0xa4,0x64,0x14,0x80,0xa4,
    0x64,0x14,0x83,0x94,0x60,0x14,0x82,0x24,0x60,0x14,0x83,0xa4,0x6c,0x14,0x83,0x94,
    0xfb,0xff,0x04,0x24,0x24,0x18,0x64,0x00,0x0c,0x00,0x43,0xa4,0x0c,0x00,0x43,0x94,
    0xfe,0xff,0x04,0x24,0x24,0x18,0x64,0x00,0xea,0xff,0x00,0x10,0x0c,0x00,0x43,0xa4,
    0xb8,0xff,0xbd,0x27,0x00,0x00,0x02,0x3c,0xb8,0x1c,0x42,0x24,0x10,0x00,0xa2,0xaf,
    0x00,0x00,0x02,0x3c,0xc4,0x1c,0x42,0x24,0x14,0x00,0xa2,0xaf,0x00,0x00,0x02,0x3c,
    0xc8,0x1c,0x42,0x24,0x2c,0x00,0xb3,0xaf,0x28,0x00,0xb2,0xaf,0x18,0x00,0xa2,0xaf,
    0x1a,0x00,0x12,0x3c,0x00,0x00,0x02,0x3c,0xcc,0x1c,0x42,0x24,0x1a,0xe0,0x13,0x3c,
    0x24,0x00,0xb1,0xaf,0x20,0x00,0xb0,0xaf,0x44,0x00,0xbf,0xaf,0x40,0x00,0xbe,0xaf,
    0x3c,0x00,0xb7,0xaf,0x38,0x00,0xb6,0xaf,0x34,0x00,0xb5,0xaf,0x30,0x00,0xb4,0xaf,
    0x1c,0x00,0xa2,0xaf,0x00,0x00,0x01,0x3c,0x98,0x20,0x20,0xa4,0x08,0x00,0x11,0x24,
    0x80,0xbf,0x10,0x3c,0xbb,0x00,0x52,0x26,0x43,0x30,0x73,0x26,0x00,0x00,0x02,0x3c,
    0xe0,0x1f,0x42,0x8c,0x00,0x00,0x00,0x00,0x13,0x00,0x40,0x10,0x01,0x00,0x03,0x24,
    0x2c,0x00,0x43,0x10,0x00,0x00,0x00,0x00,0x00,0x00,0x04,0x3c,0x5f,0x05,0x11,0x04,
    0xd0,0x1c,0x84,0x24,0xff,0xff,0x02,0x24,0x44,0x00,0xbf,0x8f,0x40,0x00,0xbe,0x8f,
    0x3c,0x00,0xb7,0x8f,0x38,0x00,0xb6,0x8f,0x34,0x00,0xb5,0x8f,0x30,0x00,0xb4,0x8f,
    0x2c,0x00,0xb3,0x8f,0x28,0x00,0xb2,0x8f,0x24,0x00,0xb1,0x8f,0x20,0x00,0xb0,0x8f,
    0x08,0x00,0xe0,0x03,0x48,0x00,0xbd,0x27,0x14,0xff,0x11,0x04,0x00,0x00,0x00,0x00,
    0xff,0xff,0x03,0x24,0xec,0xff,0x43,0x10,0x00,0x00,0x00,0x00,0x00,0x00,0x02,0x3c,
    0xe0,0x1f,0x42,0x8c,0x00,0x00,0x00,0x00,0x2f,0x00,0x40,0x10,0x01,0x00,0x03,0x24,
    0x15,0x00,0x43,0x10,0x00,0x00,0x00,0x00,0x00,0x00,0x02,0x3c,0xe0,0x1f,0x42,0x8c,
    0x00,0x00,0x00,0x00,0x55,0x00,0x40,0x10,0x01,0x00,0x03,0x24,0xb5,0x00,0x43,0x10,
    0x00,0xb0,0x03,0x3c,0x00,0x00,0x04,0x3c,0x6c,0x1d,0x84,0x24,0x3b,0x05,0x11,0x04,
    0x00,0x00,0x00,0x00,0x82,0xff,0x11,0x04,0x00,0x00,0x00,0x00,0xda,0xff,0x00,0x10,
    0xff,0xff,0x02,0x24,0x62,0x14,0x02,0x96,0x00,0x00,0x00,0x00,0x01,0x00,0x42,0x30,
    0xd1,0xff,0x40,0x14,0x00,0x00,0x00,0x00,0x62,0x14,0x02,0x96,0x00,0x00,0x00,0x00,
    0x01,0x00,0x42,0x30,0xe8,0xff,0x40,0x14,0x00,0x00,0x00,0x00,0x6c,0x14,0x02,0x96,
    0xfa,0xff,0x03,0x24,0x24,0x10,0x43,0x00,0x07,0x00,0x15,0x3c,0x04,0x00,0x42,0x34,
    0x20,0xa1,0xa4,0x36,0x39,0x05,0x11,0x04,0x6c,0x14,0x02,0xa6,0x60,0x14,0x02,0x96,
    0x20,0xa1,0xa4,0x36,0x01,0x00,0x42,0x34,0x60,0x14,0x02,0xa6,0x6c,0x14,0x02,0x96,
    0x00,0x00,0x00,0x00,0x01,0x00,0x42,0x34,0x30,0x05,0x11,0x04,0x6c,0x14,0x02,0xa6,
    0xd5,0xff,0x00,0x10,0x00,0x00,0x00,0x00,0x62,0x14,0x02,0x96,0x00,0x00,0x00,0x00,
    0x03,0x00,0x42,0x30,0xd0,0xff,0x40,0x14,0x60,0x14,0x03,0x26,0x01,0x00,0x02,0x24,
    0x1e,0x00,0x62,0xa4,0x00,0x00,0x02,0x3c,0xa4,0x20,0x42,0x8c,0x01,0x00,0x04,0x24,
    0x13,0x00,0x44,0x14,0x0c,0x00,0x60,0xa4,0x04,0x00,0x02,0x24,0x10,0x00,0x42,0x34,
    0xf0,0x55,0x04,0x24,0x1d,0x05,0x11,0x04,0x6c,0x14,0x02,0xa6,0x62,0x14,0x02,0x96,
    0x00,0x00,0x00,0x00,0x00,0x01,0x42,0x30,0x0d,0x00,0x40,0x14,0x60,0x14,0x14,0x26,
    0x0c,0x00,0x80,0xa6,0x04,0x00,0x82,0x96,0x00,0x00,0x00,0x00,0x04,0x00,0x82,0xa6,
    0x06,0x00,0x82,0x96,0x00,0x00,0x00,0x00,0xb7,0xff,0x00,0x10,0x06,0x00,0x82,0xa6,
    0x02,0x00,0x42,0x38,0x01,0x00,0x42,0x2c,0xec,0xff,0x00,0x10,0xc0,0x10,0x02,0x00,
    0x0c,0x00,0x82,0x96,0x07,0x00,0x04,0x3c,0x02,0x00,0x42,0x34,0x0c,0x00,0x82,0xa6,
    0x06,0x05,0x11,0x04,0x20,0xa1,0x84,0x34,0x0c,0x00,0x82,0x96,0x00,0x00,0x00,0x00,
    0x01,0x00,0x42,0x34,0xeb,0xff,0x00,0x10,0x0c,0x00,0x82,0xa6,0x02,0x00,0x03,0x24,
    0x60,0x14,0x03,0xa6,0x25,0x10,0x00,0x00,0x18,0x14,0x12,0xae,0x00,0xb0,0x04,0x3c,
    0xff,0x00,0x07,0x24,0x20,0x00,0x08,0x24,0x21,0x18,0x44,0x00,0x00,0x00,0x66,0x90,
    0x25,0x18,0x40,0x00,0xff,0x00,0xc6,0x30,0x31,0x00,0xc0,0x10,0x02,0x00,0x42,0x24,
    0x32,0x00,0xc7,0x10,0x00,0x10,0x45,0x2c,0x38,0x00,0xa0,0x10,0x21,0x10,0x82,0x00,
    0x00,0x00,0x42,0x90,0x00,0x00,0x00,0x00,0xff,0x00,0x42,0x30,0x2b,0x00,0x47,0x10,
    0x04,0x00,0x65,0x24,0x40,0x10,0x02,0x00,0x21,0x10,0x45,0x00,0x00,0x10,0x49,0x2c,
    0x2f,0x00,0x20,0x11,0x00,0x00,0x00,0x00,0xeb,0xff,0xc8,0x14,0x00,0x00,0x00,0x00,
    0x0c,0x00,0x62,0x24,0x00,0x10,0x42,0x2c,0x29,0x00,0x40,0x10,0x06,0x00,0x62,0x24,
    0x21,0x28,0x85,0x00,0x21,0x10,0x82,0x00,0x00,0x00,0x42,0x90,0x00,0x00,0xa7,0x90,
    0x0a,0x00,0x65,0x24,0x08,0x00,0x63,0x24,0x21,0x28,0x85,0x00,0x21,0x18,0x83,0x00,
    0x00,0x00,0xa6,0x90,0xff,0x00,0xe7,0x30,0x00,0x00,0x63,0x90,0x00,0x2e,0x02,0x00,
    0x00,0x14,0x07,0x00,0xff,0x00,0xc6,0x30,0x25,0x28,0xa2,0x00,0xff,0x00,0x63,0x30,
    0x00,0x12,0x06,0x00,0x25,0x28,0xa3,0x00,0xf1,0x00,0x06,0x3c,0x25,0x28,0xa2,0x00,
    0x00,0x53,0xc6,0x24,0x17,0x00,0xa6,0x10,0x00,0x00,0x00,0x00,0x00,0x00,0x04,0x3c,
    0xb2,0x04,0x11,0x04,0xe4,0x1c,0x84,0x24,0x72,0xff,0x00,0x10,0x00,0x00,0x00,0x00,
    0x00,0x10,0x43,0x2c,0xc9,0xff,0x60,0x14,0x21,0x18,0x44,0x00,0xf1,0x00,0x05,0x3c,
    0x00,0x53,0xa5,0x24,0x00,0x00,0x04,0x3c,0x1c,0x1d,0x84,0x24,0xa7,0x04,0x11,0x04,
    0x00,0x00,0x00,0x00,0x67,0xff,0x00,0x10,0x00,0x00,0x00,0x00,0x00,0x10,0x05,0x24,
    0x00,0x50,0x02,0x3c,0x00,0x00,0x04,0x3c,0x40,0x1d,0x84,0x24,0xf7,0xff,0x00,0x10,
    0x21,0x28,0xa2,0x00,0x74,0x14,0x02,0x96,0x02,0x00,0x03,0x24,0x07,0x00,0x42,0x30,
    0x60,0x14,0x03,0xa6,0x53,0x01,0x40,0x14,0x05,0x00,0x02,0x24,0x74,0x14,0x02,0xa6,
    0x01,0x00,0x02,0x24,0x60,0x14,0x02,0xa6,0x20,0x00,0x82,0xa0,0x07,0x00,0x02,0x24,
    0x74,0x14,0x02,0xa6,0x88,0x13,0x04,0x24,0xa4,0x04,0x11,0x04,0x18,0x14,0x13,0xae,
    0x6c,0x14,0x02,0x96,0xfe,0xff,0x03,0x24,0x24,0x10,0x43,0x00,0x6c,0x14,0x02,0xa6,
    0x00,0xb0,0x03,0x3c,0x04,0x00,0x62,0x94,0x00,0x00,0x00,0x00,0x01,0x00,0x42,0x30,
    0x27,0x01,0x40,0x10,0x00,0x00,0x00,0x00,0x20,0x00,0x62,0x94,0x01,0x00,0x04,0x24,
    0xff,0xff,0x42,0x30,0x22,0x01,0x44,0x14,0x00,0x00,0x00,0x00,0x00,0x10,0x62,0xa0,
    0x0a,0x00,0x14,0x24,0x00,0xb0,0x15,0x3c,0x00,0x10,0xa2,0x92,0x00,0x00,0x00,0x00,
    0x01,0x00,0x42,0x30,0xea,0x00,0x40,0x14,0xff,0xff,0x94,0x26,0x01,0x00,0x94,0x26,
    0x01,0x00,0x02,0x24,0x30,0x10,0xa2,0xa2,0x0a,0x00,0x14,0x24,0x00,0xb0,0x15,0x3c,
    0x30,0x10,0xa3,0x92,0x00,0x00,0x00,0x00,0x01,0x00,0x63,0x30,0xe6,0x00,0x60,0x14,
    0xff,0xff,0x94,0x26,0x01,0x00,0x94,0x26,0x00,0x20,0x03,0x24,0x00,0x20,0xa3,0xa6,
    0x02,0x20,0xa0,0xa6,0x00,0x20,0xa3,0x96,0x02,0x20,0xa2,0x96,0x0a,0x00,0x14,0x24,
    0x00,0xb0,0x16,0x3c,0x00,0x20,0x17,0x3c,0x00,0x20,0xd5,0x96,0x02,0x20,0xc2,0x96,
    0x00,0xac,0x15,0x00,0xff,0xff,0x42,0x30,0x25,0xa8,0xa2,0x02,0x24,0xa8,0xb7,0x02,
    0xdb,0x00,0xa0,0x16,0xff,0xff,0x94,0x26,0x01,0x00,0x94,0x26,0x02,0x00,0xc2,0x96,
    0x00,0x00,0x00,0x00,0xff,0xff,0x42,0x30,0x11,0x00,0x42,0x2c,0x04,0x00,0x40,0x14,
    0x00,0xb0,0x03,0x3c,0x01,0x00,0x02,0x24,0x02,0x01,0xc2,0xa2,0x00,0xb0,0x03,0x3c,
    0x00,0x30,0x62,0x24,0x00,0x32,0x63,0x24,0x00,0x00,0x40,0xa4,0x02,0x00,0x40,0xa4,
    0x04,0x00,0x40,0xa4,0x06,0x00,0x40,0xa4,0x08,0x00,0x42,0x24,0xfa,0xff,0x43,0x14,
    0x80,0x00,0x05,0x24,0x00,0xb0,0x03,0x3c,0x00,0x34,0x64,0x24,0x00,0x00,0x45,0xa4,
    0x02,0x00,0x40,0xa4,0x04,0x00,0x40,0xa4,0x06,0x00,0x40,0xa4,0x08,0x00,0x42,0x24,
    0xfa,0xff,0x44,0x14,0x00,0x00,0x00,0x00,0x7c,0x00,0x02,0x24,0x28,0x01,0x62,0xa4,
    0x02,0x00,0x62,0x94,0x00,0x00,0x00,0x00,0xff,0xff,0x42,0x30,0x11,0x00,0x42,0x2c,
    0x02,0x00,0x40,0x10,0x01,0x00,0x02,0x24,0x00,0x01,0x62,0xa0,0x00,0xb0,0x02,0x3c,
    0x64,0x81,0x03,0x24,0x04,0x20,0x43,0xa4,0x00,0x80,0x03,0x24,0x06,0x20,0x43,0xa4,
    0x04,0x20,0x44,0x94,0x06,0x20,0x44,0x94,0x0f,0x38,0x04,0x24,0x0c,0x20,0x44,0xa4,
    0x0e,0x20,0x40,0xa4,0x0c,0x20,0x44,0x94,0x0e,0x20,0x44,0x94,0x00,0x3f,0x04,0x24,
    0x10,0x20,0x44,0xa4,0x12,0x20,0x40,0xa4,0x10,0x20,0x44,0x94,0x12,0x20,0x44,0x94,
    0xc0,0x01,0x04,0x24,0x14,0x20,0x40,0xa4,0x16,0x20,0x44,0xa4,0x14,0x20,0x45,0x94,
    0x16,0x20,0x45,0x94,0x18,0x20,0x40,0xa4,0x1a,0x20,0x44,0xa4,0x18,0x20,0x44,0x94,
    0x1a,0x20,0x44,0x94,0x1c,0x20,0x40,0xa4,0x1e,0x20,0x40,0xa4,0x1c,0x20,0x44,0x94,
    0x1e,0x20,0x44,0x94,0x20,0x20,0x40,0xa4,0x22,0x20,0x40,0xa4,0x20,0x20,0x44,0x94,
    0x22,0x20,0x44,0x94,0xff,0xff,0x04,0x24,0x2c,0x20,0x40,0xa4,0x2e,0x20,0x44,0xa4,
    0x2c,0x20,0x44,0x94,0x2e,0x20,0x44,0x94,0x04,0x00,0x04,0x24,0x58,0x20,0x40,0xa4,
    0x5a,0x20,0x44,0xa4,0x58,0x20,0x44,0x94,0x5a,0x20,0x44,0x94,0x00,0x60,0x04,0x24,
    0x60,0x20,0x44,0xa4,0x62,0x20,0x40,0xa4,0x60,0x20,0x44,0x94,0x62,0x20,0x44,0x94,
    0x00,0x08,0x04,0x24,0x64,0x20,0x44,0xa4,0x00,0x40,0x04,0x24,0x66,0x20,0x44,0xa4,
    0x64,0x20,0x44,0x94,0x66,0x20,0x44,0x94,0x5c,0x20,0x43,0xa4,0x20,0x20,0x03,0x24,
    0x5e,0x20,0x43,0xa4,0x5c,0x20,0x43,0x94,0x00,0x20,0x42,0x24,0x5e,0x00,0x42,0x94,
    0x65,0x00,0x14,0x24,0x00,0xb0,0x16,0x3c,0x5c,0x20,0xc3,0x96,0x5e,0x20,0xc2,0x96,
    0x00,0x00,0x00,0x00,0x00,0x80,0x42,0x30,0x05,0x00,0x40,0x14,0xe8,0x03,0x04,0x24,
    0x06,0x04,0x11,0x04,0xff,0xff,0x94,0x26,0xf7,0xff,0x80,0x16,0x00,0x00,0x00,0x00,
    0x00,0xb0,0x14,0x3c,0x0a,0x00,0x16,0x24,0x00,0x20,0x94,0x26,0x20,0x10,0x1e,0x24,
    0x5c,0x00,0x80,0xa6,0x5e,0x00,0x9e,0xa6,0x5c,0x00,0x82,0x96,0x5e,0x00,0x82,0x96,
    0x64,0x00,0x17,0x24,0x5c,0x00,0x82,0x96,0x5e,0x00,0x82,0x96,0x00,0x00,0x00,0x00,
    0x00,0x80,0x42,0x30,0x64,0x00,0x40,0x10,0xe8,0x03,0x04,0x24,0x5c,0x00,0x82,0x96,
    0x5e,0x00,0x82,0x96,0x00,0x00,0x00,0x00,0x00,0x80,0x42,0x30,0x5e,0x00,0x40,0x10,
    0x00,0x00,0x00,0x00,0x5c,0x00,0x83,0x96,0x5e,0x00,0x82,0x96,0x00,0x1c,0x03,0x00,
    0xff,0xff,0x42,0x30,0x25,0x18,0x62,0x00,0x00,0x80,0x42,0x30,0x56,0x00,0x40,0x10,
    0x00,0x00,0x00,0x00,0x69,0x00,0x60,0x04,0xff,0xff,0xd6,0x26,0x01,0x00,0xd6,0x26,
    0x00,0x61,0x02,0x24,0x5c,0x00,0x82,0xa6,0x20,0x20,0x02,0x24,0x5e,0x00,0x82,0xa6,
    0x5c,0x00,0x82,0x96,0x00,0xb0,0x16,0x3c,0x5e,0x00,0x82,0x96,0x65,0x00,0x14,0x24,
    0x5c,0x20,0xc3,0x96,0x5e,0x20,0xc2,0x96,0x00,0x00,0x00,0x00,0x00,0x80,0x42,0x30,
    0x06,0x00,0x40,0x14,0x00,0x00,0x00,0x00,0xe8,0x03,0x04,0x24,0xd3,0x03,0x11,0x04,
    0xff,0xff,0x94,0x26,0xf6,0xff,0x80,0x16,0x00,0x00,0x00,0x00,0xcf,0x03,0x11,0x04,
    0x10,0x27,0x04,0x24,0x00,0xb0,0x02,0x3c,0x00,0x18,0x03,0x24,0x00,0x20,0x43,0xa4,
    0x02,0x20,0x40,0xa4,0x00,0x20,0x43,0x94,0x02,0x20,0x43,0x94,0x04,0x10,0x42,0x94,
    0x00,0xb0,0x04,0x3c,0xff,0xff,0x42,0x30,0x00,0x10,0x42,0x24,0xec,0x05,0x05,0x24,
    0x00,0x11,0x95,0xac,0x04,0x00,0xb5,0x26,0xfd,0xff,0xa5,0x16,0x00,0x11,0x83,0x24,
    0x05,0xea,0x04,0x24,0x04,0x1f,0x64,0xa4,0x00,0x22,0x02,0x00,0x02,0x12,0x02,0x00,
    0x25,0x10,0x82,0x00,0x06,0x1f,0x62,0xa4,0x83,0x00,0x02,0x24,0x10,0xff,0x60,0xa0,
    0x00,0x1f,0x62,0xa4,0x00,0x80,0x02,0x24,0x08,0x0f,0x62,0xa4,0x0a,0x0f,0x60,0xa4,
    0x08,0x0f,0x62,0x94,0x0a,0x0f,0x62,0x94,0x0a,0x00,0x15,0x24,0x00,0xb0,0x14,0x3c,
    0x34,0x00,0x16,0x24,0x28,0x00,0x82,0x96,0x00,0x00,0x00,0x00,0x34,0x00,0x42,0x30,
    0x32,0x00,0x56,0x10,0xff,0xff,0xb5,0x26,0x4c,0x00,0xa0,0x12,0x00,0x00,0x00,0x00,
    0xa6,0x03,0x11,0x04,0xe8,0x03,0x04,0x24,0xf6,0xff,0x00,0x10,0x00,0x00,0x00,0x00,
    0x42,0x00,0x80,0x12,0x00,0x00,0x00,0x00,0xa0,0x03,0x11,0x04,0xe8,0x03,0x04,0x24,
    0x0d,0xff,0x00,0x10,0x00,0x00,0x00,0x00,0x3c,0x00,0x80,0x12,0x00,0x00,0x00,0x00,
    0x9a,0x03,0x11,0x04,0xe8,0x03,0x04,0x24,0x11,0xff,0x00,0x10,0x00,0x00,0x00,0x00,
    0x38,0x00,0x80,0x12,0x00,0x00,0x00,0x00,0x94,0x03,0x11,0x04,0xe8,0x03,0x04,0x24,
    0x19,0xff,0x00,0x10,0x00,0x00,0x00,0x00,0x90,0x03,0x11,0x04,0xff,0xff,0xf7,0x26,
    0x94,0xff,0xe0,0x16,0x00,0x00,0x00,0x00,0x04,0x00,0x14,0x24,0xc0,0xfd,0x11,0x04,
    0xff,0xff,0x31,0x26,0x44,0x00,0x04,0x3c,0x88,0x03,0x11,0x04,0x20,0xaa,0x84,0x34,
    0x0a,0xfe,0x20,0x16,0x00,0x00,0x00,0x00,0x00,0x00,0x04,0x3c,0xd8,0x1d,0x84,0x24,
    0x6e,0x03,0x11,0x04,0x25,0x28,0x80,0x02,0xff,0xff,0x02,0x24,0x00,0x00,0x01,0x3c,
    0x98,0x20,0x22,0xa4,0x0b,0x00,0x00,0x10,0x00,0xb0,0x02,0x3c,0x7c,0xff,0xc0,0x16,
    0x00,0x00,0x00,0x00,0xed,0xff,0x00,0x10,0x05,0x00,0x14,0x24,0x00,0x20,0x02,0x24,
    0x00,0x20,0x82,0xa6,0x02,0x20,0x80,0xa6,0x00,0x20,0x82,0x96,0x02,0x20,0x82,0x96,
    0x00,0xb0,0x02,0x3c,0x02,0x00,0x46,0x94,0x09,0x00,0x03,0x24,0xff,0xff,0xc6,0x30,
    0x06,0x00,0xc3,0x10,0x01,0x00,0x02,0x24,0xf0,0xff,0xc3,0x24,0x02,0x00,0x63,0x2c,
    0x02,0x00,0x60,0x10,0x25,0x10,0x00,0x00,0xf2,0xff,0xc2,0x24,0x80,0x10,0x02,0x00,
    0x21,0x10,0xa2,0x03,0x10,0x00,0x45,0x8c,0x00,0x00,0x04,0x3c,0x4f,0x03,0x11,0x04,
    0xb0,0x1d,0x84,0x24,0xf0,0xfd,0x00,0x10,0x25,0x10,0x00,0x00,0xd3,0xff,0x00,0x10,
    0x01,0x00,0x14,0x24,0xd1,0xff,0x00,0x10,0x03,0x00,0x14,0x24,0xcf,0xff,0x00,0x10,
    0x06,0x00,0x14,0x24,0x00,0x00,0x04,0x3c,0x08,0xfe,0x00,0x10,0x8c,0x1d,0x84,0x24,
    0xe0,0xff,0xbd,0x27,0x18,0x00,0xb0,0xaf,0x25,0x80,0x80,0x00,0x1c,0x00,0xbf,0xaf,
    0x1d,0x03,0x11,0x04,0x10,0x00,0xa4,0x27,0x00,0xb0,0x02,0x3c,0x2a,0x00,0x43,0x94,
    0x10,0x00,0xa4,0x8f,0x25,0x80,0x03,0x02,0x19,0x03,0x11,0x04,0x2a,0x00,0x50,0xa4,
    0x1c,0x00,0xbf,0x8f,0x18,0x00,0xb0,0x8f,0x08,0x00,0xe0,0x03,0x20,0x00,0xbd,0x27,
    0xe0,0xff,0xbd,0x27,0x18,0x00,0xb0,0xaf,0x27,0x80,0x04,0x00,0x1c,0x00,0xbf,0xaf,
    0x0d,0x03,0x11,0x04,0x10,0x00,0xa4,0x27,0x00,0xb0,0x02,0x3c,0x2a,0x00,0x43,0x94,
    0x10,0x00,0xa4,0x8f,0x24,0x80,0x03,0x02,0x09,0x03,0x11,0x04,0x2a,0x00,0x50,0xa4,
    0x1c,0x00,0xbf,0x8f,0x18,0x00,0xb0,0x8f,0x08,0x00,0xe0,0x03,0x20,0x00,0xbd,0x27,
    0x04,0x00,0x83,0x28,0x69,0x00,0x60,0x10,0xff,0xff,0x02,0x24,0xd0,0xff,0xbd,0x27,
    0x02,0x00,0x82,0x28,0x24,0x00,0xb3,0xaf,0x20,0x00,0xb2,0xaf,0x1c,0x00,0xb1,0xaf,
    0x18,0x00,0xb0,0xaf,0x2c,0x00,0xbf,0xaf,0x28,0x00,0xb4,0xaf,0x25,0x80,0x80,0x00,
    0x25,0x98,0xa0,0x00,0x25,0x88,0xc0,0x00,0x10,0x00,0x40,0x14,0x25,0x90,0xe0,0x00,
    0x80,0x18,0x04,0x00,0x00,0x00,0x02,0x3c,0x04,0x20,0x42,0x24,0x21,0x10,0x43,0x00,
    0x00,0x00,0x44,0x8c,0x00,0x00,0x00,0x00,0x4c,0x00,0x80,0x10,0xff,0xff,0x02,0x24,
    0x00,0x00,0x02,0x3c,0xf4,0x1f,0x42,0x24,0x21,0x10,0x43,0x00,0x00,0x00,0x43,0x8c,
    0x00,0x00,0x00,0x00,0x45,0x00,0x60,0x10,0xff,0xff,0x02,0x24,0x00,0x00,0x04,0x3c,
    0xac,0x20,0x84,0x8c,0x22,0x03,0x11,0x04,0x00,0x00,0x00,0x00,0x3f,0x00,0x40,0x04,
    0xff,0xff,0x03,0x26,0x03,0x00,0x64,0x2c,0x05,0x00,0x80,0x10,0x25,0x10,0x00,0x00,
    0x00,0x00,0x02,0x3c,0xb0,0x1b,0x42,0x24,0x21,0x10,0x43,0x00,0x00,0x00,0x42,0x80,
    0x00,0xb0,0x03,0x3c,0x02,0x00,0x63,0x94,0x00,0x00,0x00,0x00,0xff,0xff,0x63,0x30,
    0x11,0x00,0x63,0x2c,0x03,0x00,0x60,0x10,0x06,0x00,0x44,0x34,0x03,0x00,0x42,0x30,
    0x04,0x00,0x44,0x34,0x00,0xb0,0x02,0x3c,0x24,0x00,0x44,0xa4,0x80,0x80,0x10,0x00,
    0x00,0x00,0x02,0x3c,0x04,0x20,0x42,0x24,0x21,0x10,0x50,0x00,0x00,0x00,0x42,0x8c,
    0x00,0x00,0x00,0x00,0x03,0x00,0x40,0x10,0x25,0x28,0x40,0x02,0x09,0xf8,0x40,0x00,
    0x25,0x20,0x20,0x02,0x80,0xbf,0x02,0x3c,0x10,0x00,0xa4,0x27,0x10,0x15,0x53,0xac,
    0xbd,0x02,0x11,0x04,0x10,0x15,0x54,0x24,0x00,0x41,0x03,0x3c,0x00,0x02,0x63,0x24,
    0x01,0x00,0x42,0x32,0x25,0x10,0x43,0x00,0x10,0x00,0xa4,0x8f,0x04,0x00,0x91,0xae,
    0xb7,0x02,0x11,0x04,0x08,0x00,0x82,0xae,0x80,0xbf,0x04,0x3c,0x00,0x01,0x03,0x3c,
    0x18,0x15,0x82,0x8c,0x00,0x00,0x00,0x00,0x24,0x10,0x43,0x00,0xfc,0xff,0x40,0x14,
    0x00,0x00,0x00,0x00,0x00,0x00,0x02,0x3c,0xf4,0x1f,0x42,0x24,0x21,0x10,0x50,0x00,
    0x00,0x00,0x42,0x8c,0x00,0x00,0x00,0x00,0x03,0x00,0x40,0x10,0x25,0x28,0x40,0x02,
    0x09,0xf8,0x40,0x00,0x25,0x20,0x20,0x02,0x00,0x00,0x04,0x3c,0xac,0x20,0x84,0x8c,
    0xe1,0x02,0x11,0x04,0x00,0x00,0x00,0x00,0x25,0x10,0x00,0x00,0x2c,0x00,0xbf,0x8f,
    0x28,0x00,0xb4,0x8f,0x24,0x00,0xb3,0x8f,0x20,0x00,0xb2,0x8f,0x1c,0x00,0xb1,0x8f,
    0x18,0x00,0xb0,0x8f,0x08,0x00,0xe0,0x03,0x30,0x00,0xbd,0x27,0x08,0x00,0xe0,0x03,
    0x00,0x00,0x00,0x00,0x00,0x00,0x03,0x3c,0x98,0x20,0x63,0x24,0x00,0x00,0x65,0x84,
    0x00,0x00,0x00,0x00,0x10,0x00,0xa0,0x10,0xff,0xff,0x02,0x24,0x0e,0x00,0xa0,0x04,
    0xfe,0xff,0x02,0x24,0x02,0x00,0x62,0x94,0x00,0x00,0x00,0x00,0x00,0x00,0x82,0xa4,
    0x04,0x00,0x62,0x94,0x00,0x00,0x00,0x00,0x02,0x00,0x82,0xa4,0x06,0x00,0x62,0x94,
    0x00,0x00,0x00,0x00,0x04,0x00,0x82,0xa4,0x08,0x00,0x62,0x94,0x00,0x00,0x00,0x00,
    0x06,0x00,0x82,0xa4,0x25,0x10,0x00,0x00,0x08,0x00,0xe0,0x03,0x00,0x00,0x00,0x00,
    0x00,0x00,0x02,0x3c,0xf0,0x1f,0x42,0x90,0x00,0x00,0x00,0x00,0x0c,0x00,0x40,0x10,
    0x01,0x00,0x84,0x2c,0x00,0xb0,0x02,0x3c,0x2c,0x00,0x43,0x90,0x00,0x00,0x00,0x00,
    0x01,0x00,0x63,0x34,0x2c,0x00,0x43,0xa0,0x2e,0x00,0x43,0x90,0x00,0x00,0x00,0x00,
    0x0e,0x00,0x63,0x30,0x25,0x20,0x83,0x00,0x08,0x00,0xe0,0x03,0x2e,0x00,0x44,0xa0,
    0xfd,0xff,0x00,0x10,0x00,0xb0,0x02,0x3c,0x00,0x00,0x02,0x3c,0xf0,0x1f,0x42,0x90,
    0x00,0x00,0x00,0x00,0x17,0x00,0x40,0x10,0x00,0x00,0x00,0x00,0xe0,0xff,0xbd,0x27,
    0x18,0x00,0xb1,0xaf,0x14,0x00,0xb0,0xaf,0x1c,0x00,0xbf,0xaf,0x00,0xb0,0x11,0x3c,
    0x2c,0x00,0x22,0x92,0x01,0x00,0x90,0x2c,0x02,0x00,0x42,0x34,0x2c,0x00,0x22,0xa2,
    0x92,0x02,0x11,0x04,0x01,0x00,0x04,0x24,0x2e,0x00,0x22,0x92,0x40,0x80,0x10,0x00,
    0x0d,0x00,0x42,0x30,0x25,0x80,0x02,0x02,0x2e,0x00,0x30,0xa2,0x1c,0x00,0xbf,0x8f,
    0x18,0x00,0xb1,0x8f,0x14,0x00,0xb0,0x8f,0x01,0x00,0x04,0x24,0x87,0x02,0x00,0x10,
    0x20,0x00,0xbd,0x27,0x08,0x00,0xe0,0x03,0x00,0x00,0x00,0x00,0x00,0x00,0x02,0x3c,
    0xf0,0x1f,0x42,0x90,0x00,0x00,0x00,0x00,0x17,0x00,0x40,0x10,0x00,0x00,0x00,0x00,
    0xe0,0xff,0xbd,0x27,0x18,0x00,0xb1,0xaf,0x14,0x00,0xb0,0xaf,0x1c,0x00,0xbf,0xaf,
    0x00,0xb0,0x11,0x3c,0x2c,0x00,0x22,0x92,0x01,0x00,0x90,0x2c,0x04,0x00,0x42,0x34,
    0x2c,0x00,0x22,0xa2,0x75,0x02,0x11,0x04,0x01,0x00,0x04,0x24,0x2e,0x00,0x22,0x92,
    0x80,0x80,0x10,0x00,0x0b,0x00,0x42,0x30,0x25,0x80,0x02,0x02,0x2e,0x00,0x30,0xa2,
    0x1c,0x00,0xbf,0x8f,0x18,0x00,0xb1,0x8f,0x14,0x00,0xb0,0x8f,0x01,0x00,0x04,0x24,
    0x6a,0x02,0x00,0x10,0x20,0x00,0xbd,0x27,0x08,0x00,0xe0,0x03,0x00,0x00,0x00,0x00,
    0xe8,0xff,0xbd,0x27,0x03,0x44,0x02,0x24,0x1c,0x00,0xc2,0x10,0x14,0x00,0xbf,0xaf,
    0x04,0x44,0xc2,0x28,0x07,0x00,0x40,0x10,0x01,0x44,0x02,0x24,0x0d,0x00,0xc2,0x10,
    0x02,0x44,0x02,0x24,0x11,0x00,0xc2,0x10,0x00,0x00,0x00,0x00,0x0b,0x00,0x00,0x10,
    0x25,0x10,0x00,0x00,0x04,0x44,0x02,0x24,0xfc,0xff,0xc2,0x14,0x00,0x00,0x00,0x00,
    0x00,0x00,0xe4,0x8c,0xb4,0xff,0x11,0x04,0x00,0x00,0x00,0x00,0x03,0x00,0x00,0x10,
    0x25,0x10,0x00,0x00,0x00,0x00,0x02,0x3c,0xe0,0x1f,0x42,0x8c,0x14,0x00,0xbf,0x8f,
    0x00,0x00,0x00,0x00,0x08,0x00,0xe0,0x03,0x18,0x00,0xbd,0x27,0x80,0xfc,0x11,0x04,
    0x00,0x00,0x00,0x00,0xf9,0xff,0x00,0x10,0x25,0x10,0x00,0x00,0x00,0x00,0xe4,0x8c,
    0xc2,0xff,0x11,0x04,0x00,0x00,0x00,0x00,0xf4,0xff,0x00,0x10,0x25,0x10,0x00,0x00,
    0xb0,0xff,0xbd,0x27,0x2c,0x00,0xb0,0xaf,0x10,0x00,0xa4,0xaf,0x01,0x00,0x10,0x24,
    0x10,0x00,0xa4,0x27,0x4c,0x00,0xbf,0xaf,0x48,0x00,0xb7,0xaf,0x44,0x00,0xb6,0xaf,
    0x40,0x00,0xb5,0xaf,0x3c,0x00,0xb4,0xaf,0x38,0x00,0xb3,0xaf,0x34,0x00,0xb2,0xaf,
    0x30,0x00,0xb1,0xaf,0x18,0x00,0xb0,0xaf,0x3d,0x02,0x11,0x04,0x1c,0x00,0xb0,0xaf,
    0x25,0x18,0x40,0x00,0x00,0x00,0x01,0x3c,0xac,0x20,0x22,0xac,0x77,0x00,0x60,0x04,
    0xff,0xff,0x02,0x24,0xf8,0x01,0x11,0x04,0x20,0x00,0xa4,0x27,0xe5,0x01,0x11,0x04,
    0x00,0x00,0x00,0x00,0xe5,0x01,0x11,0x04,0x80,0x00,0x44,0x34,0x20,0x00,0xa4,0x8f,
    0xf3,0x01,0x11,0x04,0x00,0x00,0x00,0x00,0x00,0x00,0x02,0x3c,0xe0,0x1f,0x42,0x8c,
    0x00,0x00,0x00,0x00,0x74,0x00,0x40,0x10,0x43,0x00,0x03,0x24,0x75,0x00,0x50,0x10,
    0x80,0xbf,0x02,0x3c,0xd6,0xfe,0x11,0x04,0xff,0xff,0x04,0x34,0x00,0x00,0x02,0x3c,
    0x74,0x00,0x42,0x24,0x00,0x00,0x01,0x3c,0x94,0x20,0x22,0xac,0x00,0x00,0x03,0x3c,
    0x94,0x20,0x63,0x24,0x00,0x00,0x02,0x3c,0x54,0x20,0x42,0x24,0x00,0x00,0x40,0xac,
    0x04,0x00,0x42,0x24,0xfd,0xff,0x62,0x14,0x00,0x00,0x00,0x00,0x00,0x00,0x02,0x3c,
    0x98,0x20,0x42,0x84,0x00,0x00,0x01,0x3c,0x04,0x20,0x20,0xac,0x00,0x00,0x01,0x3c,
    0xf4,0x1f,0x20,0xac,0x00,0x00,0x01,0x3c,0x08,0x20,0x20,0xac,0x00,0x00,0x01,0x3c,
    0xf8,0x1f,0x20,0xac,0x00,0x00,0x01,0x3c,0x0c,0x20,0x20,0xac,0x00,0x00,0x01,0x3c,
    0xfc,0x1f,0x20,0xac,0x00,0x00,0x01,0x3c,0x10,0x20,0x20,0xac,0x00,0x00,0x01,0x3c,
    0x37,0x00,0x40,0x04,0x00,0x20,0x20,0xac,0x00,0x00,0x03,0x3c,0xf0,0x1f,0x63,0x90,
    0x00,0x00,0x00,0x00,0x02,0x00,0x60,0x10,0xe1,0x00,0x02,0x24,0xe7,0x00,0x02,0x24,
    0x00,0xb0,0x10,0x3c,0x2c,0x00,0x02,0xa2,0xf4,0x01,0x11,0x04,0x01,0x00,0x04,0x24,
    0x80,0xff,0x02,0x24,0x2e,0x00,0x02,0xa2,0xf0,0x01,0x11,0x04,0x01,0x00,0x04,0x24,
    0x02,0x00,0x11,0x24,0x2e,0x00,0x10,0x26,0xa0,0xff,0x13,0x24,0xe0,0xff,0x12,0x24,
    0x01,0x00,0x04,0x24,0xe9,0x01,0x11,0x04,0x00,0x00,0x13,0xa2,0x00,0x00,0x12,0xa2,
    0xe6,0x01,0x11,0x04,0x01,0x00,0x04,0x24,0x01,0x00,0x02,0x24,0x3c,0x00,0x22,0x16,
    0x80,0xff,0x14,0x24,0x00,0xb0,0x10,0x3c,0x07,0x00,0x11,0x24,0x2e,0x00,0x13,0x26,
    0xc0,0xff,0x12,0x24,0x01,0x00,0x04,0x24,0x00,0x00,0x74,0xa2,0xdb,0x01,0x11,0x04,
    0xff,0xff,0x31,0x26,0x00,0x00,0x72,0xa2,0xd8,0x01,0x11,0x04,0x01,0x00,0x04,0x24,
    0xf8,0xff,0x20,0x16,0x00,0x00,0x00,0x00,0x01,0x00,0x04,0x24,0xd3,0x01,0x11,0x04,
    0x2e,0x00,0x12,0xa2,0x2e,0x00,0x11,0x92,0x01,0x00,0x04,0x24,0xcf,0x01,0x11,0x04,
    0x10,0x00,0x31,0x32,0x28,0x00,0x20,0x12,0x80,0xff,0x02,0x24,0x2e,0x00,0x00,0xa2,
    0xca,0x01,0x11,0x04,0x01,0x00,0x04,0x24,0x00,0x00,0x01,0x3c,0x98,0x20,0x20,0xa4,
    0x00,0x00,0x03,0x3c,0xf0,0x1f,0x63,0x90,0x00,0x00,0x00,0x00,0x02,0x00,0x60,0x10,
    0x01,0x00,0x02,0x24,0x07,0x00,0x02,0x24,0x00,0xb0,0x03,0x3c,0x2c,0x00,0x62,0xa0,
    0x1d,0xff,0x11,0x04,0x25,0x20,0x00,0x00,0x38,0xff,0x11,0x04,0x25,0x20,0x00,0x00,
    0x07,0xff,0x11,0x04,0x25,0x20,0x00,0x00,0x25,0x10,0x00,0x00,0x4c,0x00,0xbf,0x8f,
    0x48,0x00,0xb7,0x8f,0x44,0x00,0xb6,0x8f,0x40,0x00,0xb5,0x8f,0x3c,0x00,0xb4,0x8f,
    0x38,0x00,0xb3,0x8f,0x34,0x00,0xb2,0x8f,0x30,0x00,0xb1,0x8f,0x2c,0x00,0xb0,0x8f,
    0x08,0x00,0xe0,0x03,0x50,0x00,0xbd,0x27,0x80,0xbf,0x02,0x3c,0x8d,0xff,0x00,0x10,
    0x76,0x14,0x43,0xa4,0x03,0x00,0x03,0x24,0x8a,0xff,0x00,0x10,0x64,0x14,0x43,0xa4,
    0xbb,0xff,0x00,0x10,0x01,0x00,0x11,0x24,0x2e,0x00,0x02,0xa2,0x01,0x00,0x04,0x24,
    0xa2,0x01,0x11,0x04,0x00,0xb0,0x11,0x3c,0x00,0x00,0x10,0x3c,0x98,0x20,0x10,0x26,
    0x00,0x00,0x12,0x3c,0xa0,0x20,0x52,0x26,0x2e,0x00,0x37,0x26,0xc0,0xff,0x14,0x24,
    0x80,0xff,0x13,0x24,0x02,0x00,0x00,0xa6,0x0f,0x00,0x16,0x24,0xff,0xff,0x15,0x24,
    0x00,0x00,0xf4,0xa2,0x95,0x01,0x11,0x04,0x01,0x00,0x04,0x24,0x00,0x00,0xe2,0x92,
    0x00,0x00,0x00,0x00,0x10,0x00,0x42,0x30,0x05,0x00,0x40,0x10,0x01,0x00,0x02,0x24,
    0x02,0x00,0x03,0x96,0x04,0x10,0xc2,0x02,0x25,0x10,0x43,0x00,0x02,0x00,0x02,0xa6,
    0x00,0x00,0xf3,0xa2,0x01,0x00,0x04,0x24,0x88,0x01,0x11,0x04,0xff,0xff,0xd6,0x26,
    0xef,0xff,0xd5,0x16,0x00,0x00,0x00,0x00,0x02,0x00,0x10,0x26,0xe9,0xff,0x12,0x16,
    0x00,0x00,0x00,0x00,0x2e,0x00,0x20,0xa2,0x80,0x01,0x11,0x04,0x01,0x00,0x04,0x24,
    0x01,0x00,0x02,0x24,0x00,0x00,0x01,0x3c,0xb5,0xff,0x00,0x10,0x98,0x20,0x22,0xa4,
    0xc0,0xff,0xbd,0x27,0x01,0x00,0x02,0x24,0x2c,0x00,0xb1,0xaf,0x28,0x00,0xb0,0xaf,
    0x25,0x88,0x80,0x00,0x25,0x80,0xa0,0x00,0x00,0x00,0x04,0x3c,0x04,0x1e,0x84,0x24,
    0x00,0x00,0x05,0x3c,0x00,0x1e,0xa5,0x24,0x30,0x00,0xb2,0xaf,0x3c,0x00,0xbf,0xaf,
    0x38,0x00,0xb4,0xaf,0x34,0x00,0xb3,0xaf,0x00,0x00,0x01,0x3c,0x57,0x01,0x11,0x04,
    0xb8,0x20,0x22,0xac,0x00,0x00,0x12,0x8e,0x2f,0x00,0x05,0x24,0x5e,0x01,0x11,0x04,
    0x25,0x20,0x40,0x02,0x02,0x00,0x40,0x10,0x00,0x00,0x00,0x00,0x01,0x00,0x52,0x24,
    0x00,0x00,0x02,0x3c,0x44,0x1e,0x42,0x24,0x18,0x00,0xa2,0xaf,0x00,0x00,0x02,0x3c,
    0x48,0x1e,0x42,0x24,0x1c,0x00,0xa2,0xaf,0x00,0x00,0x02,0x3c,0x54,0x1e,0x42,0x24,
    0x00,0x00,0x01,0x3c,0xb4,0x20,0x32,0xac,0xff,0xff,0x31,0x26,0x04,0x00,0x10,0x26,
    0x2d,0x00,0x13,0x24,0x01,0x00,0x14,0x24,0x20,0x00,0xa2,0xaf,0x83,0x00,0x20,0x1e,
    0x00,0x00,0x00,0x00,0x00,0x00,0x02,0x3c,0x14,0x20,0x42,0x24,0x00,0x00,0x03,0x3c,
    0x54,0x20,0x63,0x24,0x00,0x00,0x40,0xac,0x04,0x00,0x42,0x24,0xfd,0xff,0x62,0x14,
    0x00,0x00,0x00,0x00,0x80,0xbf,0x11,0x3c,0x6e,0x14,0x22,0x96,0x20,0x00,0x03,0x24,
    0xf0,0x00,0x42,0x30,0xa7,0x00,0x43,0x14,0x60,0x14,0x30,0x26,0x00,0x00,0x04,0x3c,
    0x60,0x1e,0x84,0x24,0x00,0x00,0x01,0x3c,0x2c,0x01,0x11,0x04,0xe0,0x1f,0x20,0xac,
    0x05,0x00,0x02,0x3c,0x11,0x10,0x42,0x24,0x00,0x00,0x10,0x3c,0xb8,0x20,0x10,0x8e,
    0x20,0x14,0x22,0xae,0x1a,0x00,0x02,0x3c,0xbb,0x00,0x42,0x24,0x18,0x14,0x22,0xae,
    0x1a,0xef,0x02,0x3c,0x43,0x30,0x42,0x24,0x1c,0x14,0x22,0xae,0x16,0x01,0x11,0x04,
    0x06,0x00,0x04,0x24,0x13,0x00,0x40,0x10,0x60,0x00,0x03,0x24,0x00,0x00,0x42,0x94,
    0x00,0x00,0x00,0x00,0xfe,0x00,0x42,0x30,0x0e,0x00,0x43,0x14,0x00,0x00,0x00,0x00,
    0x00,0x00,0x04,0x3c,0x15,0x01,0x11,0x04,0x7c,0x1e,0x84,0x24,0x00,0xb4,0x03,0x3c,
    0x00,0x00,0x62,0x94,0xa1,0x00,0x04,0x24,0xff,0xff,0x42,0x30,0x7b,0x00,0x44,0x14,
    0x04,0x00,0x02,0x24,0x06,0x00,0x62,0xa4,0x01,0x00,0x02,0x24,0x00,0x00,0x01,0x3c,
    0xb0,0x20,0x22,0xac,0x80,0xbf,0x02,0x3c,0x6c,0x14,0x43,0x94,0x00,0x00,0x00,0x00,
    0xff,0xff,0x63,0x30,0x77,0x00,0x60,0x14,0x60,0x14,0x46,0x24,0x01,0x00,0x03,0x24,
    0x6c,0x14,0x40,0xa4,0x7e,0x14,0x43,0xa4,0x60,0x14,0x40,0xa4,0x74,0x14,0x40,0xa4,
    0x64,0x14,0x42,0x94,0x00,0x00,0x00,0x00,0x04,0x00,0xc2,0xa4,0x06,0x00,0xc2,0x94,
    0x00,0x00,0x00,0x00,0x06,0x00,0xc2,0xa4,0x10,0x00,0x02,0x24,0x08,0x00,0xc2,0xa4,
    0x90,0x00,0x02,0x24,0x0a,0x00,0xc2,0xa4,0x1c,0x00,0xc3,0xa4,0x1c,0x00,0xc2,0x94,
    0x00,0x00,0x00,0x00,0x86,0xfa,0x11,0x04,0x1a,0x00,0xc2,0xa4,0x00,0x00,0x01,0x3c,
    0xa4,0x20,0x22,0xac,0x02,0x00,0xc2,0x94,0x00,0x00,0x00,0x00,0x03,0x00,0x42,0x30,
    0x04,0x00,0x40,0x10,0x01,0x00,0x03,0x24,0x03,0x00,0x42,0x38,0x2b,0x10,0x02,0x00,
    0x40,0x18,0x02,0x00,0x00,0x00,0x01,0x3c,0x5d,0xfb,0x11,0x04,0xa8,0x20,0x23,0xac,
    0x41,0x00,0x40,0x14,0x01,0x00,0x02,0x24,0xb1,0xfe,0x11,0x04,0x25,0x20,0x00,0x02,
    0x3c,0x00,0x40,0x14,0x00,0x00,0x00,0x00,0xbb,0x00,0x11,0x04,0x10,0x00,0xa4,0x27,
    0x25,0x38,0x00,0x00,0x00,0x00,0x06,0x3c,0x00,0x03,0xc6,0x24,0x01,0x00,0x05,0x24,
    0xaf,0x00,0x11,0x04,0x0d,0x00,0x04,0x24,0xaf,0x00,0x11,0x04,0x0d,0x00,0x04,0x24,
    0x10,0x00,0xa4,0x8f,0xb2,0x00,0x11,0x04,0x00,0x00,0x00,0x00,0x80,0xbf,0x02,0x3c,
    0x00,0x00,0x04,0x3c,0x00,0x00,0x84,0x24,0xc1,0x00,0x11,0x04,0x7e,0x14,0x40,0xa4,
    0x00,0x00,0x04,0x3c,0xb0,0x1e,0x84,0x24,0x27,0x00,0x40,0x14,0x01,0x00,0x02,0x24,
    0xc6,0x00,0x11,0x04,0x00,0x00,0x00,0x00,0x00,0x00,0x04,0x3c,0x60,0x1f,0x84,0x8c,
    0xae,0x00,0x11,0x04,0x00,0x00,0x00,0x00,0x00,0x00,0x04,0x3c,0xa9,0x00,0x11,0x04,
    0x60,0x1f,0x84,0x24,0x1c,0x00,0x00,0x10,0x2b,0x10,0x02,0x00,0x00,0x00,0x05,0x8e,
    0x00,0x00,0x00,0x00,0x00,0x00,0xa2,0x80,0x00,0x00,0x00,0x00,0x79,0xff,0x53,0x14,
    0x00,0x00,0x00,0x00,0x18,0x00,0xa4,0x8f,0xbd,0x00,0x11,0x04,0x00,0x00,0x00,0x00,
    0x0e,0x00,0x40,0x14,0x00,0x00,0x00,0x00,0x0c,0x00,0x34,0x12,0x00,0x00,0x00,0x00,
    0x04,0x00,0x12,0x8e,0x1c,0x00,0xa4,0x8f,0xb5,0x00,0x11,0x04,0x25,0x28,0x40,0x02,
    0x11,0x00,0x40,0x10,0x00,0x00,0x00,0x00,0x20,0x00,0xa4,0x8f,0xb0,0x00,0x11,0x04,
    0x25,0x28,0x40,0x02,0x0c,0x00,0x40,0x10,0x01,0x00,0x02,0x24,0xd3,0xfa,0x11,0x04,
    0x00,0x00,0x00,0x00,0x01,0x00,0x02,0x24,0x3c,0x00,0xbf,0x8f,0x38,0x00,0xb4,0x8f,
    0x34,0x00,0xb3,0x8f,0x30,0x00,0xb2,0x8f,0x2c,0x00,0xb1,0x8f,0x28,0x00,0xb0,0x8f,
    0x08,0x00,0xe0,0x03,0x40,0x00,0xbd,0x27,0x00,0x00,0x01,0x3c,0xb8,0x20,0x22,0xac,
    0xfe,0xff,0x31,0x26,0x55,0xff,0x00,0x10,0x08,0x00,0x10,0x26,0x00,0x00,0x04,0x3c,
    0x94,0x1e,0x84,0x24,0x91,0x00,0x11,0x04,0x00,0x00,0x00,0x00,0xee,0xff,0x00,0x10,
    0x01,0x00,0x02,0x24,0x1a,0xe0,0x03,0x3c,0x43,0x30,0x63,0x24,0xaa,0xff,0x00,0x10,
    0x18,0x14,0x43,0xac,0x30,0x00,0x03,0x24,0x40,0x00,0x43,0x14,0x01,0x00,0x12,0x24,
    0x00,0x00,0x04,0x3c,0xd8,0x1e,0x84,0x24,0x00,0x00,0x01,0x3c,0x83,0x00,0x11,0x04,
    0xe0,0x1f,0x32,0xac,0x05,0x00,0x02,0x3c,0x11,0x10,0x42,0x24,0x00,0x00,0x13,0x3c,
    0xb8,0x20,0x73,0x8e,0x20,0x14,0x22,0xae,0x1a,0xe0,0x02,0x3c,0x43,0x30,0x42,0x24,
    0x18,0x14,0x22,0xae,0x1a,0xef,0x02,0x3c,0x43,0x30,0x42,0x24,0x1c,0x14,0x22,0xae,
    0x0c,0x00,0x02,0x96,0x00,0x00,0x00,0x00,0x04,0x00,0x42,0x30,0x09,0x00,0x40,0x14,
    0x00,0x00,0x00,0x00,0x06,0x00,0x12,0xa6,0x04,0x00,0x00,0xa6,0x04,0x00,0x02,0x96,
    0x00,0x00,0x00,0x00,0xe6,0xfa,0x11,0x04,0x60,0x14,0x22,0xa6,0xca,0xff,0x40,0x14,
    0x01,0x00,0x02,0x24,0x00,0xb0,0x02,0x3c,0x04,0x00,0x42,0x94,0x00,0x00,0x00,0x00,
    0x02,0x11,0x02,0x00,0x01,0x00,0x42,0x30,0x00,0x00,0x01,0x3c,0xf0,0x1f,0x22,0xa0,
    0x33,0xfe,0x11,0x04,0x25,0x20,0x60,0x02,0xbe,0xff,0x40,0x14,0x00,0x00,0x00,0x00,
    0x3d,0x00,0x11,0x04,0x10,0x00,0xa4,0x27,0x25,0x38,0x00,0x00,0x00,0x00,0x06,0x3c,
    0xa8,0x01,0xc6,0x24,0x01,0x00,0x05,0x24,0x31,0x00,0x11,0x04,0x0d,0x00,0x04,0x24,
    0x31,0x00,0x11,0x04,0x0d,0x00,0x04,0x24,0x10,0x00,0xa4,0x8f,0x34,0x00,0x11,0x04,
    0x00,0x00,0x00,0x00,0x80,0xbf,0x02,0x3c,0x66,0x14,0x40,0xa4,0x00,0x00,0x04,0x3c,
    0x43,0x00,0x11,0x04,0x00,0x00,0x84,0x24,0xaa,0xff,0x40,0x14,0x00,0x00,0x00,0x00,
    0x00,0x00,0x04,0x3c,0x82,0xff,0x00,0x10,0xf4,0x1e,0x84,0x24,0x00,0x00,0x04,0x3c,
    0xb4,0xff,0x00,0x10,0x20,0x1f,0x84,0x24,0x10,0x00,0x83,0x28,0x07,0x00,0x60,0x10,
    0xff,0xff,0x02,0x24,0x80,0x20,0x04,0x00,0x00,0x00,0x02,0x3c,0x14,0x20,0x42,0x24,
    0x21,0x10,0x44,0x00,0x00,0x00,0x45,0xac,0x25,0x10,0x00,0x00,0x08,0x00,0xe0,0x03,
    0x00,0x00,0x00,0x00,0x00,0x00,0x00,0x00,0x00,0x00,0x00,0x00,0x00,0x00,0x00,0x00,
    0x00,0x00,0xe0,0x41,0x00,0x00,0x00,0x00,0x01,0x01,0x00,0x00,0x64,0x6d,0x61,0x63,
    0x6d,0x61,0x6e,0x00,0x08,0x00,0xe0,0x03,0x11,0x00,0x00,0x24,0x08,0x00,0xe0,0x03,
    0x10,0x00,0x00,0x24,0x00,0x00,0x00,0x00,0x00,0x00,0x00,0x00,0x00,0x00,0xe0,0x41,
    0x00,0x00,0x00,0x00,0x02,0x01,0x00,0x00,0x69,0x6e,0x74,0x72,0x6d,0x61,0x6e,0x00,
    0x08,0x00,0xe0,0x03,0x04,0x00,0x00,0x24,0x08,0x00,0xe0,0x03,0x06,0x00,0x00,0x24,
    0x08,0x00,0xe0,0x03,0x07,0x00,0x00,0x24,0x08,0x00,0xe0,0x03,0x11,0x00,0x00,0x24,
    0x08,0x00,0xe0,0x03,0x12,0x00,0x00,0x24,0x00,0x00,0x00,0x00,0x00,0x00,0x00,0x00,
    0x00,0x00,0xe0,0x41,0x00,0x00,0x00,0x00,0x01,0x01,0x00,0x00,0x69,0x6f,0x6d,0x61,
    0x6e,0x00,0x00,0x00,0x08,0x00,0xe0,0x03,0x14,0x00,0x00,0x24,0x08,0x00,0xe0,0x03,
    0x15,0x00,0x00,0x24,0x00,0x00,0x00,0x00,0x00,0x00,0x00,0x00,0x00,0x00,0xe0,0x41,
    0x00,0x00,0x00,0x00,0x01,0x01,0x00,0x00,0x6c,0x6f,0x61,0x64,0x63,0x6f,0x72,0x65,
    0x08,0x00,0xe0,0x03,0x06,0x00,0x00,0x24,0x08,0x00,0xe0,0x03,0x0c,0x00,0x00,0x24,
    0x00,0x00,0x00,0x00,0x00,0x00,0x00,0x00,0x00,0x00,0xe0,0x41,0x00,0x00,0x00,0x00,
    0x02,0x01,0x00,0x00,0x73,0x74,0x64,0x69,0x6f,0x00,0x00,0x00,0x08,0x00,0xe0,0x03,
    0x04,0x00,0x00,0x24,0x00,0x00,0x00,0x00,0x00,0x00,0x00,0x00,0x00,0x00,0xe0,0x41,
    0x00,0x00,0x00,0x00,0x01,0x01,0x00,0x00,0x73,0x79,0x73,0x63,0x6c,0x69,0x62,0x00,
    0x08,0x00,0xe0,0x03,0x16,0x00,0x00,0x24,0x08,0x00,0xe0,0x03,0x20,0x00,0x00,0x24,
    0x00,0x00,0x00,0x00,0x00,0x00,0x00,0x00,0x00,0x00,0xe0,0x41,0x00,0x00,0x00,0x00,
    0x01,0x01,0x00,0x00,0x74,0x68,0x62,0x61,0x73,0x65,0x00,0x00,0x08,0x00,0xe0,0x03,
    0x21,0x00,0x00,0x24,0x00,0x00,0x00,0x00,0x00,0x00,0x00,0x00,0x00,0x00,0xe0,0x41,
    0x00,0x00,0x00,0x00,0x02,0x01,0x00,0x00,0x74,0x68,0x73,0x65,0x6d,0x61,0x70,0x00,
    0x08,0x00,0xe0,0x03,0x04,0x00,0x00,0x24,0x08,0x00,0xe0,0x03,0x06,0x00,0x00,0x24,
    0x08,0x00,0xe0,0x03,0x08,0x00,0x00,0x24,0x00,0x00,0x00,0x00,0x00,0x00,0x00,0x00,
    0x01,0x10,0x20,0x00,0x00,0x00,0x00,0x00,0x00,0x00,0x00,0x00,0x00,0x00,0x00,0x00,
    0x4e,0x6f,0x00,0x00,0x31,0x36,0x2d,0x62,0x69,0x74,0x00,0x00,0x43,0x61,0x72,0x64,
    0x42,0x75,0x73,0x00,0x64,0x65,0x76,0x39,0x3a,0x20,0x25,0x73,0x20,0x50,0x43,0x4d,
    0x43,0x49,0x41,0x20,0x63,0x61,0x72,0x64,0x20,0x64,0x65,0x74,0x65,0x63,0x74,0x65,
    0x64,0x2e,0x20,0x56,0x63,0x63,0x20,0x3d,0x20,0x25,0x64,0x56,0x0a,0x00,0x00,0x00,
    0x55,0x73,0x61,0x67,0x65,0x3a,0x0a,0x20,0x20,0x25,0x73,0x20,0x5b,0x2d,0x73,0x61,
    0x5d,0x20,0x3c,0x61,0x74,0x74,0x72,0x69,0x62,0x75,0x74,0x65,0x3e,0x5d,0x0a,0x20,
    0x20,0x20,0x20,0x20,0x20,0x2d,0x73,0x61,0x20,0x20,0x59,0x6f,0x75,0x20,0x63,0x61,
    0x6e,0x20,0x73,0x70,0x65,0x63,0x69,0x66,0x79,0x20,0x61,0x74,0x74,0x69,0x62,0x75,
    0x74,0x65,0x20,0x6f,0x66,0x20,0x73,0x65,0x6d,0x70,0x61,0x68,0x6f,0x72,0x65,0x20,
    0x66,0x6f,0x72,0x20,0x71,0x75,0x65,0x75,0x69,0x6e,0x67,0x20,0x74,0x68,0x72,0x65,
    0x61,0x64,0x2e,0x0a,0x20,0x20,0x20,0x20,0x20,0x20,0x20,0x20,0x20,0x20,0x20,0x4c,
    0x69,0x73,0x74,0x20,0x6f,0x66,0x20,0x70,0x6f,0x73,0x73,0x69,0x62,0x6c,0x65,0x20,
    0x3c,0x61,0x74,0x74,0x72,0x69,0x62,0x75,0x74,0x65,0x3e,0x3a,0x0a,0x20,0x20,0x20,
    0x20,0x20,0x20,0x20,0x20,0x20,0x20,0x20,0x20,0x20,0x53,0x41,0x5f,0x54,0x48,0x50,
    0x52,0x49,0x28,0x64,0x65,0x66,0x61,0x75,0x6c,0x74,0x29,0x2c,0x20,0x53,0x41,0x5f,
    0x54,0x48,0x46,0x49,0x46,0x4f,0x0a,0x00,0x28,0x75,0x6e,0x6b,0x6e,0x6f,0x77,0x6e,
    0x29,0x00,0x00,0x00,0x54,0x53,0x00,0x00,0x45,0x53,0x31,0x00,0x45,0x53,0x32,0x00,
    0x64,0x65,0x76,0x39,0x3a,0x20,0x4e,0x6f,0x20,0x64,0x65,0x76,0x69,0x63,0x65,0x2e,
    0x0a,0x00,0x00,0x00,0x64,0x65,0x76,0x39,0x3a,0x20,0x4d,0x41,0x4e,0x46,0x49,0x44,
    0x20,0x30,0x78,0x25,0x30,0x38,0x6c,0x78,0x20,0x64,0x6f,0x65,0x73,0x6e,0x27,0x74,
    0x20,0x6d,0x61,0x74,0x63,0x68,0x20,0x65,0x78,0x70,0x65,0x63,0x74,0x65,0x64,0x20,
    0x30,0x78,0x25,0x30,0x38,0x6c,0x78,0x0a,0x00,0x00,0x00,0x00,0x64,0x65,0x76,0x39,
    0x3a,0x20,0x4d,0x41,0x4e,0x46,0x49,0x44,0x20,0x30,0x78,0x25,0x30,0x38,0x6c,0x78,
    0x20,0x6e,0x6f,0x74,0x20,0x66,0x6f,0x75,0x6e,0x64,0x2e,0x0a,0x00,0x00,0x00,0x00,
    0x64,0x65,0x76,0x39,0x3a,0x20,0x49,0x6e,0x76,0x61,0x6c,0x69,0x64,0x20,0x74,0x75,
    0x70,0x6c,0x65,0x73,0x20,0x61,0x74,0x20,0x6f,0x66,0x66,0x73,0x65,0x74,0x20,0x30,
    0x78,0x25,0x30,0x38,0x6c,0x78,0x2e,0x0a,0x00,0x00,0x00,0x00,0x64,0x65,0x76,0x39,
    0x3a,0x20,0x53,0x50,0x45,0x45,0x44,0x20,0x4c,0x69,0x74,0x65,0x20,0x6e,0x6f,0x74,
    0x20,0x66,0x6f,0x75,0x6e,0x64,0x2e,0x0a,0x00,0x00,0x00,0x00,0x64,0x65,0x76,0x39,
    0x3a,0x20,0x55,0x6e,0x61,0x62,0x6c,0x65,0x20,0x74,0x6f,0x20,0x63,0x68,0x61,0x6e,
    0x67,0x65,0x20,0x53,0x53,0x42,0x55,0x53,0x20,0x6d,0x6f,0x64,0x65,0x2e,0x0a,0x00,
    0x64,0x65,0x76,0x39,0x3a,0x20,0x53,0x50,0x45,0x45,0x44,0x20,0x63,0x68,0x69,0x70,
    0x20,0x27,0x25,0x73,0x27,0x2c,0x20,0x72,0x65,0x76,0x69,0x73,0x69,0x6f,0x6e,0x20,
    0x25,0x30,0x78,0x0a,0x00,0x00,0x00,0x00,0x64,0x65,0x76,0x39,0x3a,0x20,0x53,0x4d,
    0x41,0x50,0x20,0x69,0x6e,0x69,0x74,0x69,0x61,0x6c,0x69,0x7a,0x61,0x74,0x69,0x6f,
    0x6e,0x20,0x66,0x61,0x69,0x6c,0x65,0x64,0x3a,0x20,0x25,0x64,0x0a,0x00,0x00,0x00,
    0x31,0x2e,0x30,0x00,0x0a,0x44,0x45,0x56,0x39,0x20,0x64,0x65,0x76,0x69,0x63,0x65,
    0x20,0x64,0x72,0x69,0x76,0x65,0x72,0x20,0x76,0x25,0x73,0x20,0x2d,0x20,0x43,0x6f,
    0x70,0x79,0x72,0x69,0x67,0x68,0x74,0x20,0x28,0x63,0x29,0x20,0x32,0x30,0x30,0x33,
    0x20,0x4d,0x61,0x72,0x63,0x75,0x73,0x20,0x52,0x2e,0x20,0x42,0x72,0x6f,0x77,0x6e,
    0x0a,0x0a,0x00,0x00,0x2d,0x73,0x61,0x00,0x53,0x41,0x5f,0x54,0x48,0x46,0x49,0x46,
    0x4f,0x00,0x00,0x00,0x53,0x41,0x5f,0x54,0x48,0x50,0x52,0x49,0x00,0x00,0x00,0x00,
    0x64,0x65,0x76,0x39,0x3a,0x20,0x43,0x58,0x44,0x39,0x35,0x36,0x36,0x20,0x64,0x65,
    0x74,0x65,0x63,0x74,0x65,0x64,0x2e,0x0a,0x00,0x00,0x00,0x00,0x64,0x65,0x76,0x39,
    0x3a,0x20,0x54,0x31,0x30,0x4b,0x20,0x64,0x65,0x74,0x65,0x63,0x74,0x65,0x64,0x2e,
    0x0a,0x00,0x00,0x00,0x64,0x65,0x76,0x39,0x3a,0x20,0x41,0x49,0x46,0x20,0x6e,0x6f,
    0x74,0x20,0x64,0x65,0x74,0x65,0x63,0x74,0x65,0x64,0x2e,0x0a,0x00,0x00,0x00,0x00,
    0x64,0x65,0x76,0x39,0x3a,0x20,0x43,0x58,0x44,0x39,0x35,0x36,0x36,0x20,0x28,0x50,
    0x43,0x4d,0x43,0x49,0x41,0x29,0x20,0x64,0x72,0x69,0x76,0x65,0x72,0x20,0x73,0x74,
    0x61,0x72,0x74,0x2e,0x0a,0x00,0x00,0x00,0x64,0x65,0x76,0x39,0x3a,0x20,0x43,0x58,
    0x44,0x39,0x36,0x31,0x31,0x20,0x64,0x65,0x74,0x65,0x63,0x74,0x65,0x64,0x2e,0x0a,
    0x00,0x00,0x00,0x00,0x64,0x65,0x76,0x39,0x3a,0x20,0x43,0x58,0x44,0x39,0x36,0x31,
    0x31,0x20,0x28,0x53,0x53,0x42,0x55,0x53,0x20,0x42,0x75,0x66,0x66,0x65,0x72,0x29,
    0x20,0x64,0x72,0x69,0x76,0x65,0x72,0x20,0x73,0x74,0x61,0x72,0x74,0x2e,0x0a,0x00,
    0x64,0x65,0x76,0x39,0x3a,0x20,0x75,0x6e,0x6b,0x6e,0x6f,0x77,0x6e,0x20,0x64,0x65,
    0x76,0x39,0x20,0x68,0x61,0x72,0x64,0x77,0x61,0x72,0x65,0x2e,0x0a,0x00,0x00,0x00,
    0x64,0x65,0x76,0x39,0x78,0x00,0x00,0x00,0x44,0x45,0x56,0x39,0x00,0x00,0x00,0x00,
    0x64,0x65,0x76,0x39,0x00,0x00,0x00,0x00,0x00,0x00,0x00,0x00,0x00,0x00,0x00,0x00,
    0x40,0x1f,0x00,0x00,0x10,0x00,0x00,0x10,0x01,0x00,0x00,0x00,0x48,0x1f,0x00,0x00,
    0x74,0x1f,0x00,0x00,0x60,0x00,0x00,0x00,0x60,0x00,0x00,0x00,0x60,0x00,0x00,0x00,
    0x60,0x00,0x00,0x00,0x60,0x00,0x00,0x00,0x60,0x00,0x00,0x00,0x60,0x00,0x00,0x00,
    0x60,0x00,0x00,0x00,0x60,0x00,0x00,0x00,0x60,0x00,0x00,0x00,0x60,0x00,0x00,0x00,
    0x60,0x00,0x00,0x00,0x60,0x00,0x00,0x00,0x60,0x00,0x00,0x00,0x60,0x00,0x00,0x00,
    0x60,0x00,0x00,0x00,0x60,0x00,0x00,0x00,0x60,0x00,0x00,0x00,0x60,0x00,0x00,0x00,
    0x60,0x00,0x00,0x00,0x60,0x00,0x00,0x00,0x60,0x00,0x00,0x00,0x68,0x00,0x00,0x00,
    0xd0,0x11,0x00,0x00,0x60,0x00,0x00,0x00,0x60,0x00,0x00,0x00,0x60,0x00,0x00,0x00,
    0xff,0xff,0xff,0xff,0x50,0x1f,0x00,0x00,0x08,0x02,0x00,0x00,0x00,0x00,0x00,0x00,
    0x00,0x2e,0x69,0x6f,0x70,0x6d,0x6f,0x64,0x00,0x2e,0x74,0x65,0x78,0x74,0x00,0x2e,
    0x72,0x65,0x6c,0x2e,0x74,0x65,0x78,0x74,0x00,0x2e,0x72,0x6f,0x64,0x61,0x74,0x61,
    0x00,0x2e,0x64,0x61,0x74,0x61,0x00,0x2e,0x72,0x65,0x6c,0x2e,0x64,0x61,0x74,0x61,
    0x00,0x2e,0x62,0x73,0x73,0x00,0x2e,0x73,0x68,0x73,0x74,0x72,0x74,0x61,0x62,0x00,
    0x2e,0x73,0x79,0x6d,0x74,0x61,0x62,0x00,0x2e,0x73,0x74,0x72,0x74,0x61,0x62,0x00,
    0x00,0x00,0x00,0x00,0x00,0x00,0x00,0x00,0x00,0x00,0x00,0x00,0x00,0x00,0x00,0x00,
    0x00,0x00,0x00,0x00,0x00,0x00,0x00,0x00,0x00,0x00,0x00,0x00,0x00,0x00,0x00,0x00,
    0x00,0x00,0x00,0x00,0x00,0x00,0x00,0x00,0x01,0x00,0x00,0x00,0x80,0x00,0x00,0x70,
    0x00,0x00,0x00,0x00,0x00,0x00,0x00,0x00,0x74,0x00,0x00,0x00,0x1b,0x00,0x00,0x00,
    0x00,0x00,0x00,0x00,0x00,0x00,0x00,0x00,0x04,0x00,0x00,0x00,0x00,0x00,0x00,0x00,
    0x09,0x00,0x00,0x00,0x01,0x00,0x00,0x00,0x06,0x00,0x00,0x00,0x00,0x00,0x00,0x00,
    0x90,0x00,0x00,0x00,0xb0,0x1b,0x00,0x00,0x00,0x00,0x00,0x00,0x00,0x00,0x00,0x00,
    0x10,0x00,0x00,0x00,0x00,0x00,0x00,0x00,0x0f,0x00,0x00,0x00,0x09,0x00,0x00,0x00,
    0x40,0x00,0x00,0x00,0x00,0x00,0x00,0x00,0x88,0x22,0x00,0x00,0x40,0x07,0x00,0x00,
    0x09,0x00,0x00,0x00,0x02,0x00,0x00,0x00,0x04,0x00,0x00,0x00,0x08,0x00,0x00,0x00,
    0x19,0x00,0x00,0x00,0x01,0x00,0x00,0x00,0x02,0x00,0x00,0x00,0xb0,0x1b,0x00,0x00,
    0x40,0x1c,0x00,0x00,0xa5,0x03,0x00,0x00,0x00,0x00,0x00,0x00,0x00,0x00,0x00,0x00,
    0x10,0x00,0x00,0x00,0x00,0x00,0x00,0x00,0x21,0x00,0x00,0x00,0x01,0x00,0x00,0x00,
    0x03,0x00,0x00,0x00,0x60,0x1f,0x00,0x00,0xf0,0x1f,0x00,0x00,0x90,0x00,0x00,0x00,
    0x00,0x00,0x00,0x00,0x00,0x00,0x00,0x00,0x10,0x00,0x00,0x00,0x00,0x00,0x00,0x00,
    0x27,0x00,0x00,0x00,0x09,0x00,0x00,0x00,0x40,0x00,0x00,0x00,0x00,0x00,0x00,0x00,
    0xc8,0x29,0x00,0x00,0xf8,0x00,0x00,0x00,0x09,0x00,0x00,0x00,0x05,0x00,0x00,0x00,
    0x04,0x00,0x00,0x00,0x08,0x00,0x00,0x00,0x31,0x00,0x00,0x00,0x08,0x00,0x00,0x00,
    0x03,0x00,0x00,0x00,0xf0,0x1f,0x00,0x00,0x80,0x20,0x00,0x00,0xd0,0x00,0x00,0x00,
    0x00,0x00,0x00,0x00,0x00,0x00,0x00,0x00,0x10,0x00,0x00,0x00,0x00,0x00,0x00,0x00,
    0x36,0x00,0x00,0x00,0x03,0x00,0x00,0x00,0x00,0x00,0x00,0x00,0x00,0x00,0x00,0x00,
    0x80,0x20,0x00,0x00,0x50,0x00,0x00,0x00,0x00,0x00,0x00,0x00,0x00,0x00,0x00,0x00,
    0x01,0x00,0x00,0x00,0x00,0x00,0x00,0x00,0x40,0x00,0x00,0x00,0x02,0x00,0x00,0x00,
    0x00,0x00,0x00,0x00,0x00,0x00,0x00,0x00,0xc0,0x2a,0x00,0x00,0x10,0x00,0x00,0x00,
    0x0a,0x00,0x00,0x00,0x01,0x00,0x00,0x00,0x04,0x00,0x00,0x00,0x10,0x00,0x00,0x00,
    0x48,0x00,0x00,0x00,0x03,0x00,0x00,0x00,0x00,0x00,0x00,0x00,0x00,0x00,0x00,0x00,
    0xd0,0x2a,0x00,0x00,0x01,0x00,0x00,0x00,0x00,0x00,0x00,0x00,0x00,0x00,0x00,0x00,
    0x01,0x00,0x00,0x00,0x00,0x00,0x00,0x00,0x14,0x00,0x00,0x00,0x02,0x00,0x00,0x00,
    0x18,0x00,0x00,0x00,0x02,0x00,0x00,0x00,0x1c,0x00,0x00,0x00,0x02,0x00,0x00,0x00,
    0x20,0x00,0x00,0x00,0x02,0x00,0x00,0x00,0x24,0x00,0x00,0x00,0x02,0x00,0x00,0x00,
    0x28,0x00,0x00,0x00,0x02,0x00,0x00,0x00,0x2c,0x00,0x00,0x00,0x02,0x00,0x00,0x00,
    0x30,0x00,0x00,0x00,0x02,0x00,0x00,0x00,0x34,0x00,0x00,0x00,0x02,0x00,0x00,0x00,
    0x38,0x00,0x00,0x00,0x02,0x00,0x00,0x00,0x3c,0x00,0x00,0x00,0x02,0x00,0x00,0x00,
    0x40,0x00,0x00,0x00,0x02,0x00,0x00,0x00,0x44,0x00,0x00,0x00,0x02,0x00,0x00,0x00,
    0x48,0x00,0x00,0x00,0x02,0x00,0x00,0x00,0x4c,0x00,0x00,0x00,0x02,0x00,0x00,0x00,
    0x50,0x00,0x00,0x00,0x02,0x00,0x00,0x00,0xdc,0x00,0x00,0x00,0x05,0x00,0x00,0x00,
    0xe0,0x00,0x00,0x00,0x06,0x00,0x00,0x00,0xe4,0x00,0x00,0x00,0x05,0x00,0x00,0x00,
    0xe8,0x00,0x00,0x00,0x06,0x00,0x00,0x00,0x18,0x01,0x00,0x00,0x05,0x00,0x00,0x00,
    0x1c,0x01,0x00,0x00,0x06,0x00,0x00,0x00,0xa8,0x01,0x00,0x00,0x05,0x00,0x00,0x00,
    0xac,0x01,0x00,0x00,0x06,0x00,0x00,0x00,0xcc,0x01,0x00,0x00,0x05,0x00,0x00,0x00,
    0xd0,0x01,0x00,0x00,0x06,0x00,0x00,0x00,0x00,0x02,0x00,0x00,0x05,0x00,0x00,0x00,
    0x04,0x02,0x00,0x00,0x06,0x00,0x00,0x00,0x30,0x02,0x00,0x00,0x05,0x00,0x00,0x00,
    0x34,0x02,0x00,0x00,0x06,0x00,0x00,0x00,0x3c,0x02,0x00,0x00,0x05,0x00,0x00,0x00,
    0x40,0x02,0x00,0x00,0x06,0x00,0x00,0x00,0x48,0x02,0x00,0x00,0x05,0x00,0x00,0x00,
    0x4c,0x02,0x00,0x00,0x06,0x00,0x00,0x00,0x68,0x02,0x00,0x00,0x05,0x00,0x00,0x00,
    0x6c,0x02,0x00,0x00,0x06,0x00,0x00,0x00,0x8c,0x02,0x00,0x00,0x05,0x00,0x00,0x00,
    0x90,0x02,0x00,0x00,0x06,0x00,0x00,0x00,0xb8,0x02,0x00,0x00,0x05,0x00,0x00,0x00,
    0xc0,0x02,0x00,0x00,0x06,0x00,0x00,0x00,0xc4,0x02,0x00,0x00,0x05,0x00,0x00,0x00,
    0xc8,0x02,0x00,0x00,0x06,0x00,0x00,0x00,0xd8,0x02,0x00,0x00,0x05,0x00,0x00,0x00,
    0xdc,0x02,0x00,0x00,0x06,0x00,0x00,0x00,0x14,0x03,0x00,0x00,0x05,0x00,0x00,0x00,
    0x18,0x03,0x00,0x00,0x06,0x00,0x00,0x00,0x64,0x03,0x00,0x00,0x05,0x00,0x00,0x00,
    0x68,0x03,0x00,0x00,0x06,0x00,0x00,0x00,0x98,0x03,0x00,0x00,0x05,0x00,0x00,0x00,
    0x9c,0x03,0x00,0x00,0x06,0x00,0x00,0x00,0xdc,0x03,0x00,0x00,0x05,0x00,0x00,0x00,
    0xe0,0x03,0x00,0x00,0x06,0x00,0x00,0x00,0xe4,0x03,0x00,0x00,0x05,0x00,0x00,0x00,
    0xec,0x03,0x00,0x00,0x06,0x00,0x00,0x00,0xfc,0x03,0x00,0x00,0x05,0x00,0x00,0x00,
    0x00,0x04,0x00,0x00,0x06,0x00,0x00,0x00,0x14,0x04,0x00,0x00,0x05,0x00,0x00,0x00,
    0x18,0x04,0x00,0x00,0x06,0x00,0x00,0x00,0x2c,0x04,0x00,0x00,0x05,0x00,0x00,0x00,
    0x30,0x04,0x00,0x00,0x06,0x00,0x00,0x00,0x50,0x04,0x00,0x00,0x05,0x00,0x00,0x00,
    0x54,0x04,0x00,0x00,0x06,0x00,0x00,0x00,0x58,0x04,0x00,0x00,0x05,0x00,0x00,0x00,
    0x5c,0x04,0x00,0x00,0x06,0x00,0x00,0x00,0x84,0x04,0x00,0x00,0x05,0x00,0x00,0x00,
    0x88,0x04,0x00,0x00,0x06,0x00,0x00,0x00,0x04,0x05,0x00,0x00,0x05,0x00,0x00,0x00,
    0x08,0x05,0x00,0x00,0x06,0x00,0x00,0x00,0x10,0x05,0x00,0x00,0x05,0x00,0x00,0x00,
    0x14,0x05,0x00,0x00,0x06,0x00,0x00,0x00,0x1c,0x05,0x00,0x00,0x05,0x00,0x00,0x00,
    0x20,0x05,0x00,0x00,0x06,0x00,0x00,0x00,0x34,0x05,0x00,0x00,0x05,0x00,0x00,0x00,
    0x38,0x05,0x00,0x00,0x06,0x00,0x00,0x00,0x64,0x05,0x00,0x00,0x05,0x00,0x00,0x00,
    0x68,0x05,0x00,0x00,0x06,0x00,0x00,0x00,0x7c,0x05,0x00,0x00,0x05,0x00,0x00,0x00,
    0x80,0x05,0x00,0x00,0x06,0x00,0x00,0x00,0x98,0x05,0x00,0x00,0x05,0x00,0x00,0x00,
    0xa0,0x05,0x00,0x00,0x06,0x00,0x00,0x00,0xec,0x05,0x00,0x00,0x05,0x00,0x00,0x00,
    0xf0,0x05,0x00,0x00,0x06,0x00,0x00,0x00,0x08,0x06,0x00,0x00,0x05,0x00,0x00,0x00,
    0x0c,0x06,0x00,0x00,0x06,0x00,0x00,0x00,0x24,0x06,0x00,0x00,0x05,0x00,0x00,0x00,
    0x28,0x06,0x00,0x00,0x06,0x00,0x00,0x00,0xd4,0x06,0x00,0x00,0x05,0x00,0x00,0x00,
    0xd8,0x06,0x00,0x00,0x06,0x00,0x00,0x00,0x4c,0x08,0x00,0x00,0x05,0x00,0x00,0x00,
    0x54,0x08,0x00,0x00,0x06,0x00,0x00,0x00,0x74,0x08,0x00,0x00,0x05,0x00,0x00,0x00,
    0x78,0x08,0x00,0x00,0x06,0x00,0x00,0x00,0x94,0x08,0x00,0x00,0x05,0x00,0x00,0x00,
    0x98,0x08,0x00,0x00,0x06,0x00,0x00,0x00,0x58,0x0d,0x00,0x00,0x05,0x00,0x00,0x00,
    0x5c,0x0d,0x00,0x00,0x06,0x00,0x00,0x00,0x6c,0x0d,0x00,0x00,0x05,0x00,0x00,0x00,
    0x70,0x0d,0x00,0x00,0x06,0x00,0x00,0x00,0xd8,0x0d,0x00,0x00,0x05,0x00,0x00,0x00,
    0xe0,0x0d,0x00,0x00,0x06,0x00,0x00,0x00,0x04,0x0e,0x00,0x00,0x05,0x00,0x00,0x00,
    0x0c,0x0e,0x00,0x00,0x06,0x00,0x00,0x00,0xd4,0x0e,0x00,0x00,0x05,0x00,0x00,0x00,
    0xd8,0x0e,0x00,0x00,0x06,0x00,0x00,0x00,0xf0,0x0e,0x00,0x00,0x05,0x00,0x00,0x00,
    0xf4,0x0e,0x00,0x00,0x06,0x00,0x00,0x00,0x0c,0x0f,0x00,0x00,0x05,0x00,0x00,0x00,
    0x10,0x0f,0x00,0x00,0x06,0x00,0x00,0x00,0x30,0x0f,0x00,0x00,0x05,0x00,0x00,0x00,
    0x34,0x0f,0x00,0x00,0x06,0x00,0x00,0x00,0x70,0x0f,0x00,0x00,0x05,0x00,0x00,0x00,
    0x74,0x0f,0x00,0x00,0x06,0x00,0x00,0x00,0xe4,0x0f,0x00,0x00,0x05,0x00,0x00,0x00,
    0xe8,0x0f,0x00,0x00,0x06,0x00,0x00,0x00,0x08,0x10,0x00,0x00,0x05,0x00,0x00,0x00,
    0x0c,0x10,0x00,0x00,0x06,0x00,0x00,0x00,0x44,0x10,0x00,0x00,0x05,0x00,0x00,0x00,
    0x48,0x10,0x00,0x00,0x06,0x00,0x00,0x00,0xa0,0x10,0x00,0x00,0x05,0x00,0x00,0x00,
    0xa4,0x10,0x00,0x00,0x06,0x00,0x00,0x00,0xe8,0x10,0x00,0x00,0x05,0x00,0x00,0x00,
    0xec,0x10,0x00,0x00,0x06,0x00,0x00,0x00,0x5c,0x11,0x00,0x00,0x05,0x00,0x00,0x00,
    0x60,0x11,0x00,0x00,0x06,0x00,0x00,0x00,0x24,0x12,0x00,0x00,0x05,0x00,0x00,0x00,
    0x28,0x12,0x00,0x00,0x06,0x00,0x00,0x00,0xa4,0x12,0x00,0x00,0x05,0x00,0x00,0x00,
    0xa8,0x12,0x00,0x00,0x06,0x00,0x00,0x00,0xd8,0x12,0x00,0x00,0x05,0x00,0x00,0x00,
    0xdc,0x12,0x00,0x00,0x06,0x00,0x00,0x00,0xfc,0x12,0x00,0x00,0x05,0x00,0x00,0x00,
    0x00,0x13,0x00,0x00,0x06,0x00,0x00,0x00,0x04,0x13,0x00,0x00,0x05,0x00,0x00,0x00,
    0x08,0x13,0x00,0x00,0x06,0x00,0x00,0x00,0x0c,0x13,0x00,0x00,0x05,0x00,0x00,0x00,
    0x10,0x13,0x00,0x00,0x06,0x00,0x00,0x00,0x14,0x13,0x00,0x00,0x05,0x00,0x00,0x00,
    0x18,0x13,0x00,0x00,0x06,0x00,0x00,0x00,0x2c,0x13,0x00,0x00,0x05,0x00,0x00,0x00,
    0x30,0x13,0x00,0x00,0x06,0x00,0x00,0x00,0x34,0x13,0x00,0x00,0x05,0x00,0x00,0x00,
    0x38,0x13,0x00,0x00,0x06,0x00,0x00,0x00,0x3c,0x13,0x00,0x00,0x05,0x00,0x00,0x00,
    0x40,0x13,0x00,0x00,0x06,0x00,0x00,0x00,0x44,0x13,0x00,0x00,0x05,0x00,0x00,0x00,
    0x48,0x13,0x00,0x00,0x06,0x00,0x00,0x00,0x4c,0x13,0x00,0x00,0x05,0x00,0x00,0x00,
    0x50,0x13,0x00,0x00,0x06,0x00,0x00,0x00,0x54,0x13,0x00,0x00,0x05,0x00,0x00,0x00,
    0x58,0x13,0x00,0x00,0x06,0x00,0x00,0x00,0x5c,0x13,0x00,0x00,0x05,0x00,0x00,0x00,
    0x60,0x13,0x00,0x00,0x06,0x00,0x00,0x00,0x64,0x13,0x00,0x00,0x05,0x00,0x00,0x00,
    0x68,0x13,0x00,0x00,0x06,0x00,0x00,0x00,0x6c,0x13,0x00,0x00,0x05,0x00,0x00,0x00,
    0x74,0x13,0x00,0x00,0x06,0x00,0x00,0x00,0x78,0x13,0x00,0x00,0x05,0x00,0x00,0x00,
    0x7c,0x13,0x00,0x00,0x06,0x00,0x00,0x00,0x48,0x14,0x00,0x00,0x05,0x00,0x00,0x00,
    0x4c,0x14,0x00,0x00,0x06,0x00,0x00,0x00,0x50,0x14,0x00,0x00,0x05,0x00,0x00,0x00,
    0x54,0x14,0x00,0x00,0x06,0x00,0x00,0x00,0xe8,0x14,0x00,0x00,0x05,0x00,0x00,0x00,
    0xec,0x14,0x00,0x00,0x06,0x00,0x00,0x00,0xf0,0x14,0x00,0x00,0x05,0x00,0x00,0x00,
    0xf4,0x14,0x00,0x00,0x06,0x00,0x00,0x00,0x74,0x15,0x00,0x00,0x05,0x00,0x00,0x00,
    0x7c,0x15,0x00,0x00,0x06,0x00,0x00,0x00,0x98,0x15,0x00,0x00,0x05,0x00,0x00,0x00,
    0x9c,0x15,0x00,0x00,0x06,0x00,0x00,0x00,0xa0,0x15,0x00,0x00,0x05,0x00,0x00,0x00,
    0xa4,0x15,0x00,0x00,0x06,0x00,0x00,0x00,0xb8,0x15,0x00,0x00,0x05,0x00,0x00,0x00,
    0xc0,0x15,0x00,0x00,0x06,0x00,0x00,0x00,0xe0,0x15,0x00,0x00,0x05,0x00,0x00,0x00,
    0xe4,0x15,0x00,0x00,0x06,0x00,0x00,0x00,0xec,0x15,0x00,0x00,0x05,0x00,0x00,0x00,
    0xf0,0x15,0x00,0x00,0x06,0x00,0x00,0x00,0xf8,0x15,0x00,0x00,0x05,0x00,0x00,0x00,
    0xfc,0x15,0x00,0x00,0x06,0x00,0x00,0x00,0x00,0x16,0x00,0x00,0x05,0x00,0x00,0x00,
    0x04,0x16,0x00,0x00,0x06,0x00,0x00,0x00,0x24,0x16,0x00,0x00,0x05,0x00,0x00,0x00,
    0x28,0x16,0x00,0x00,0x06,0x00,0x00,0x00,0x2c,0x16,0x00,0x00,0x05,0x00,0x00,0x00,
    0x30,0x16,0x00,0x00,0x06,0x00,0x00,0x00,0x5c,0x16,0x00,0x00,0x05,0x00,0x00,0x00,
    0x60,0x16,0x00,0x00,0x06,0x00,0x00,0x00,0x64,0x16,0x00,0x00,0x05,0x00,0x00,0x00,
    0x6c,0x16,0x00,0x00,0x06,0x00,0x00,0x00,0x78,0x16,0x00,0x00,0x05,0x00,0x00,0x00,
    0x7c,0x16,0x00,0x00,0x06,0x00,0x00,0x00,0xc0,0x16,0x00,0x00,0x05,0x00,0x00,0x00,
    0xc8,0x16,0x00,0x00,0x06,0x00,0x00,0x00,0xec,0x16,0x00,0x00,0x05,0x00,0x00,0x00,
    0xf0,0x16,0x00,0x00,0x06,0x00,0x00,0x00,0x5c,0x17,0x00,0x00,0x05,0x00,0x00,0x00,
    0x60,0x17,0x00,0x00,0x06,0x00,0x00,0x00,0x84,0x17,0x00,0x00,0x05,0x00,0x00,0x00,
    0x8c,0x17,0x00,0x00,0x06,0x00,0x00,0x00,0xb4,0x17,0x00,0x00,0x05,0x00,0x00,0x00,
    0xb8,0x17,0x00,0x00,0x06,0x00,0x00,0x00,0xe0,0x17,0x00,0x00,0x05,0x00,0x00,0x00,
    0xe4,0x17,0x00,0x00,0x06,0x00,0x00,0x00,0xf0,0x17,0x00,0x00,0x05,0x00,0x00,0x00,
    0xf4,0x17,0x00,0x00,0x06,0x00,0x00,0x00,0x08,0x18,0x00,0x00,0x05,0x00,0x00,0x00,
    0x0c,0x18,0x00,0x00,0x06,0x00,0x00,0x00,0x18,0x18,0x00,0x00,0x05,0x00,0x00,0x00,
    0x20,0x18,0x00,0x00,0x06,0x00,0x00,0x00,0xb8,0x18,0x00,0x00,0x05,0x00,0x00,0x00,
    0xbc,0x18,0x00,0x00,0x06,0x00,0x00,0x00,0xcc,0x18,0x00,0x00,0x05,0x00,0x00,0x00,
    0xd0,0x18,0x00,0x00,0x06,0x00,0x00,0x00,0x00,0x19,0x00,0x00,0x05,0x00,0x00,0x00,
    0x04,0x19,0x00,0x00,0x06,0x00,0x00,0x00,0x08,0x19,0x00,0x00,0x05,0x00,0x00,0x00,
    0x10,0x19,0x00,0x00,0x06,0x00,0x00,0x00,0x1c,0x19,0x00,0x00,0x05,0x00,0x00,0x00,
    0x20,0x19,0x00,0x00,0x06,0x00,0x00,0x00,0x88,0x19,0x00,0x00,0x05,0x00,0x00,0x00,
    0x8c,0x19,0x00,0x00,0x06,0x00,0x00,0x00,0xac,0x19,0x00,0x00,0x05,0x00,0x00,0x00,
    0xb0,0x19,0x00,0x00,0x06,0x00,0x00,0x00,0xdc,0x19,0x00,0x00,0x05,0x00,0x00,0x00,
    0xe4,0x19,0x00,0x00,0x06,0x00,0x00,0x00,0xf0,0x19,0x00,0x00,0x05,0x00,0x00,0x00,
    0xf8,0x19,0x00,0x00,0x06,0x00,0x00,0x00,0xfc,0x19,0x00,0x00,0x05,0x00,0x00,0x00,
    0x04,0x1a,0x00,0x00,0x06,0x00,0x00,0x00,0x18,0x1a,0x00,0x00,0x05,0x00,0x00,0x00,
    0x1c,0x1a,0x00,0x00,0x06,0x00,0x00,0x00,0x60,0x1f,0x00,0x00,0x02,0x00,0x00,0x00,
    0x6c,0x1f,0x00,0x00,0x02,0x00,0x00,0x00,0x70,0x1f,0x00,0x00,0x02,0x00,0x00,0x00,
    0x74,0x1f,0x00,0x00,0x02,0x00,0x00,0x00,0x78,0x1f,0x00,0x00,0x02,0x00,0x00,0x00,
    0x7c,0x1f,0x00,0x00,0x02,0x00,0x00,0x00,0x80,0x1f,0x00,0x00,0x02,0x00,0x00,0x00,
    0x84,0x1f,0x00,0x00,0x02,0x00,0x00,0x00,0x88,0x1f,0x00,0x00,0x02,0x00,0x00,0x00,
    0x8c,0x1f,0x00,0x00,0x02,0x00,0x00,0x00,0x90,0x1f,0x00,0x00,0x02,0x00,0x00,0x00,
    0x94,0x1f,0x00,0x00,0x02,0x00,0x00,0x00,0x98,0x1f,0x00,0x00,0x02,0x00,0x00,0x00,
    0x9c,0x1f,0x00,0x00,0x02,0x00,0x00,0x00,0xa0,0x1f,0x00,0x00,0x02,0x00,0x00,0x00,
    0xa4,0x1f,0x00,0x00,0x02,0x00,0x00,0x00,0xa8,0x1f,0x00,0x00,0x02,0x00,0x00,0x00,
    0xac,0x1f,0x00,0x00,0x02,0x00,0x00,0x00,0xb0,0x1f,0x00,0x00,0x02,0x00,0x00,0x00,
    0xb4,0x1f,0x00,0x00,0x02,0x00,0x00,0x00,0xb8,0x1f,0x00,0x00,0x02,0x00,0x00,0x00,
    0xbc,0x1f,0x00,0x00,0x02,0x00,0x00,0x00,0xc0,0x1f,0x00,0x00,0x02,0x00,0x00,0x00,
    0xc4,0x1f,0x00,0x00,0x02,0x00,0x00,0x00,0xc8,0x1f,0x00,0x00,0x02,0x00,0x00,0x00,
    0xcc,0x1f,0x00,0x00,0x02,0x00,0x00,0x00,0xd0,0x1f,0x00,0x00,0x02,0x00,0x00,0x00,
    0xd4,0x1f,0x00,0x00,0x02,0x00,0x00,0x00,0xd8,0x1f,0x00,0x00,0x02,0x00,0x00,0x00,
    0xdc,0x1f,0x00,0x00,0x02,0x00,0x00,0x00,0xe4,0x1f,0x00,0x00,0x02,0x00,0x00,0x00,
    0x00,0x00,0x00,0x00,0x00,0x00,0x00,0x00,0x00,0x00,0x00,0x00,0x00,0x00,0x00,0x00,
    0x00,
};
static const unsigned int dev9_irx_size = 10961;

static const unsigned char netman_irx[] = {
    0x7f,0x45,0x4c,0x46,0x01,0x01,0x01,0x00,0x00,0x00,0x00,0x00,0x00,0x00,0x00,0x00,
    0x80,0xff,0x08,0x00,0x01,0x00,0x00,0x00,0xf0,0x00,0x00,0x00,0x34,0x00,0x00,0x00,
    0x9c,0x21,0x00,0x00,0x01,0x10,0x00,0x00,0x34,0x00,0x20,0x00,0x02,0x00,0x28,0x00,
    0x0c,0x00,0x09,0x00,0x80,0x00,0x00,0x70,0x74,0x00,0x00,0x00,0x00,0x00,0x00,0x00,
    0x00,0x00,0x00,0x00,0x1b,0x00,0x00,0x00,0x00,0x00,0x00,0x00,0x04,0x00,0x00,0x00,
    0x04,0x00,0x00,0x00,0x01,0x00,0x00,0x00,0x90,0x00,0x00,0x00,0x00,0x00,0x00,0x00,
    0x00,0x00,0x00,0x00,0xb0,0x20,0x00,0x00,0x40,0x27,0x00,0x00,0x07,0x00,0x00,0x00,
    0x10,0x00,0x00,0x00,0x60,0x20,0x00,0x00,0xf0,0x00,0x00,0x00,0xa0,0xa0,0x00,0x00,
    0xc0,0x1f,0x00,0x00,0xf0,0x00,0x00,0x00,0x90,0x06,0x00,0x00,0x01,0x02,0x00,0x00,
    0x00,0x00,0xc0,0x41,0x00,0x00,0x00,0x00,0x01,0x03,0x00,0x00,0x6e,0x65,0x74,0x6d,
    0x61,0x6e,0x00,0x00,0xf0,0x00,0x00,0x00,0xe0,0x00,0x00,0x00,0xe0,0x00,0x00,0x00,
    0xe0,0x00,0x00,0x00,0xe8,0x02,0x00,0x00,0x58,0x03,0x00,0x00,0xf4,0x03,0x00,0x00,
    0x20,0x04,0x00,0x00,0xdc,0x04,0x00,0x00,0x0c,0x05,0x00,0x00,0x3c,0x05,0x00,0x00,
    0xcc,0x05,0x00,0x00,0xf8,0x06,0x00,0x00,0xcc,0x07,0x00,0x00,0xf0,0x01,0x00,0x00,
    0xa0,0x08,0x00,0x00,0x60,0x09,0x00,0x00,0xd8,0x09,0x00,0x00,0x6c,0x05,0x00,0x00,
    0x9c,0x05,0x00,0x00,0x00,0x00,0x00,0x00,0x00,0x00,0xc0,0x41,0x00,0x00,0x00,0x00,
    0x01,0x01,0x00,0x00,0x6e,0x65,0x74,0x64,0x65,0x76,0x00,0x00,0xe0,0x00,0x00,0x00,
    0xe0,0x00,0x00,0x00,0xe0,0x00,0x00,0x00,0xe0,0x00,0x00,0x00,0x34,0x1b,0x00,0x00,
    0xd4,0x1b,0x00,0x00,0x1c,0x1c,0x00,0x00,0x24,0x1c,0x00,0x00,0x2c,0x1c,0x00,0x00,
    0x38,0x1c,0x00,0x00,0xb8,0x1c,0x00,0x00,0xc0,0x1c,0x00,0x00,0xd4,0x1c,0x00,0x00,
    0x48,0x1d,0x00,0x00,0xe0,0x00,0x00,0x00,0xe0,0x00,0x00,0x00,0xe0,0x00,0x00,0x00,
    0xe0,0x00,0x00,0x00,0xe0,0x00,0x00,0x00,0xe0,0x00,0x00,0x00,0xe0,0x00,0x00,0x00,
    0xe0,0x00,0x00,0x00,0xe0,0x00,0x00,0x00,0xe0,0x00,0x00,0x00,0x00,0x00,0x00,0x00,
    0x08,0x00,0xe0,0x03,0x00,0x00,0x00,0x00,0x00,0x00,0x00,0x00,0x00,0x00,0x00,0x00,
    0xd8,0xff,0xbd,0x27,0x00,0x00,0x04,0x3c,0x00,0x00,0x84,0x24,0x24,0x00,0xbf,0xaf,
    0x23,0x07,0x11,0x04,0x20,0x00,0xb0,0xaf,0x07,0x00,0x40,0x10,0x00,0x00,0x00,0x00,
    0x01,0x00,0x10,0x24,0x24,0x00,0xbf,0x8f,0x25,0x10,0x00,0x02,0x20,0x00,0xb0,0x8f,
    0x08,0x00,0xe0,0x03,0x28,0x00,0xbd,0x27,0x00,0x00,0x04,0x3c,0x18,0x07,0x11,0x04,
    0x68,0x00,0x84,0x24,0xf6,0xff,0x40,0x14,0x25,0x80,0x40,0x00,0x01,0x00,0x02,0x24,
    0x10,0x00,0xa4,0x27,0x10,0x00,0xa0,0xaf,0x14,0x00,0xa0,0xaf,0x18,0x00,0xa2,0xaf,
    0x91,0x07,0x11,0x04,0x1c,0x00,0xa2,0xaf,0x00,0x00,0x01,0x3c,0xba,0x04,0x11,0x04,
    0xb0,0x20,0x22,0xac,0xeb,0xff,0x00,0x10,0x00,0x00,0x00,0x00,0xe0,0xff,0xbd,0x27,
    0x20,0x00,0xa4,0xaf,0x10,0x00,0xa4,0x27,0x1c,0x00,0xbf,0xaf,0xf9,0x06,0x11,0x04,
    0x18,0x00,0xb0,0xaf,0x20,0x00,0xa5,0x8f,0x25,0x30,0x00,0x00,0x47,0x07,0x11,0x04,
    0x25,0x20,0x00,0x00,0x10,0x00,0xa4,0x8f,0xf4,0x06,0x11,0x04,0x25,0x80,0x40,0x00,
    0x1c,0x00,0xbf,0x8f,0x25,0x10,0x00,0x02,0x18,0x00,0xb0,0x8f,0x08,0x00,0xe0,0x03,
    0x20,0x00,0xbd,0x27,0xe0,0xff,0xbd,0x27,0x20,0x00,0xa4,0xaf,0x1c,0x00,0xbf,0xaf,
    0xe8,0x06,0x11,0x04,0x10,0x00,0xa4,0x27,0x20,0x00,0xa4,0x8f,0x39,0x07,0x11,0x04,
    0x00,0x00,0x00,0x00,0x10,0x00,0xa4,0x8f,0xe4,0x06,0x11,0x04,0x00,0x00,0x00,0x00,
    0x1c,0x00,0xbf,0x8f,0x00,0x00,0x00,0x00,0x08,0x00,0xe0,0x03,0x20,0x00,0xbd,0x27,
    0x00,0x00,0x02,0x3c,0xb5,0x20,0x42,0x80,0x08,0x00,0xe0,0x03,0x00,0x00,0x00,0x00,
    0x00,0x00,0x02,0x3c,0xb6,0x20,0x42,0x90,0x00,0x00,0x00,0x00,0x0d,0x00,0x40,0x10,
    0x00,0x00,0x00,0x00,0x00,0x00,0x03,0x3c,0xb5,0x20,0x63,0x80,0x00,0x00,0x02,0x3c,
    0x05,0x00,0x60,0x10,0xf4,0x20,0x42,0x24,0x00,0x00,0x59,0x8c,0x00,0x00,0x00,0x00,
    0x08,0x00,0x20,0x03,0x00,0x00,0x00,0x00,0x04,0x00,0x59,0x8c,0xfc,0xff,0x00,0x10,
    0x00,0x00,0x00,0x00,0x08,0x00,0xe0,0x03,0x00,0x00,0x00,0x00,0x00,0x00,0x01,0x3c,
    0xeb,0xff,0x00,0x10,0xb5,0x20,0x24,0xa0,0x00,0x00,0x02,0x3c,0xb8,0x20,0x42,0x8c,
    0x00,0x00,0x00,0x00,0x04,0x00,0x43,0x94,0x00,0x00,0x00,0x00,0x80,0x00,0x63,0x30,
    0x14,0x00,0x60,0x14,0x00,0x00,0x00,0x00,0x00,0x00,0x02,0x3c,0xbc,0x20,0x42,0x24,
    0x04,0x00,0x43,0x94,0x00,0x00,0x01,0x3c,0xb8,0x20,0x20,0xac,0x80,0x00,0x63,0x30,
    0x13,0x00,0x60,0x14,0x00,0x00,0x00,0x00,0x20,0x00,0x44,0x94,0x00,0x00,0x00,0x00,
    0x80,0x00,0x84,0x30,0x0b,0x00,0x80,0x10,0x00,0x00,0x00,0x00,0x01,0x00,0x03,0x24,
    0x23,0x18,0x03,0x00,0x1c,0x00,0x63,0x30,0x21,0x10,0x43,0x00,0x00,0x00,0x01,0x3c,
    0xb8,0x20,0x22,0xac,0x04,0x00,0x43,0x8c,0x00,0x00,0x00,0x00,0x82,0x18,0x03,0x00,
    0x01,0x00,0x63,0x30,0x00,0x00,0x01,0x3c,0xc9,0xff,0x00,0x10,0xb5,0x20,0x23,0xa0,
    0xf3,0xff,0x00,0x10,0x25,0x18,0x00,0x00,0xe8,0xff,0xbd,0x27,0x18,0x00,0xa4,0xaf,
    0x00,0x00,0x04,0x3c,0xb0,0x20,0x84,0x8c,0x14,0x00,0xbf,0xaf,0x2a,0x07,0x11,0x04,
    0x00,0x00,0x00,0x00,0x00,0x00,0x02,0x3c,0xb6,0x20,0x42,0x90,0x18,0x00,0xa5,0x8f,
    0x09,0x00,0x40,0x14,0x00,0x00,0x00,0x00,0x00,0x00,0x04,0x3c,0xf4,0x20,0x84,0x24,
    0xd5,0x06,0x11,0x04,0x24,0x00,0x06,0x24,0x01,0x00,0x02,0x24,0x00,0x00,0x01,0x3c,
    0xb3,0xff,0x11,0x04,0xb6,0x20,0x22,0xa0,0x00,0x00,0x04,0x3c,0xb0,0x20,0x84,0x8c,
    0x1b,0x07,0x11,0x04,0x00,0x00,0x00,0x00,0x14,0x00,0xbf,0x8f,0x25,0x10,0x00,0x00,
    0x08,0x00,0xe0,0x03,0x18,0x00,0xbd,0x27,0x00,0x00,0x04,0x3c,0xb0,0x20,0x84,0x8c,
    0xe0,0xff,0xbd,0x27,0x18,0x00,0xb1,0xaf,0x14,0x00,0xb0,0xaf,0x1c,0x00,0xbf,0xaf,
    0x00,0x00,0x10,0x3c,0x0c,0x07,0x11,0x04,0xbc,0x20,0x10,0x26,0x00,0x00,0x11,0x3c,
    0xf4,0x20,0x31,0x26,0x04,0x00,0x02,0x96,0x00,0x00,0x00,0x00,0x80,0x00,0x42,0x30,
    0x05,0x00,0x40,0x10,0x00,0x00,0x00,0x00,0x0c,0x00,0x02,0x8e,0x00,0x00,0x00,0x00,
    0x09,0xf8,0x40,0x00,0x04,0x00,0x00,0xa6,0x1c,0x00,0x10,0x26,0xf5,0xff,0x11,0x16,
    0x00,0x00,0x00,0x00,0xa8,0xff,0x11,0x04,0x00,0x00,0x00,0x00,0x00,0x00,0x04,0x3c,
    0xf4,0x20,0x84,0x24,0x24,0x00,0x06,0x24,0xa9,0x06,0x11,0x04,0x25,0x28,0x00,0x00,
    0x1c,0x00,0xbf,0x8f,0x18,0x00,0xb1,0x8f,0x14,0x00,0xb0,0x8f,0x00,0x00,0x04,0x3c,
    0xb0,0x20,0x84,0x8c,0x00,0x00,0x01,0x3c,0xb6,0x20,0x20,0xa0,0xf0,0x06,0x00,0x10,
    0x20,0x00,0xbd,0x27,0x00,0x00,0x02,0x3c,0xb8,0x20,0x42,0x8c,0x00,0x00,0x00,0x00,
    0x05,0x00,0x40,0x10,0x00,0x00,0x00,0x00,0x10,0x00,0x59,0x8c,0x00,0x00,0x00,0x00,
    0x08,0x00,0x20,0x03,0x00,0x00,0x00,0x00,0x08,0x00,0xe0,0x03,0x00,0x00,0x00,0x00,
    0xe0,0xff,0xbd,0x27,0x20,0x00,0xa4,0xaf,0x00,0x00,0x04,0x3c,0xb0,0x20,0x84,0x8c,
    0x18,0x00,0xb0,0xaf,0x1c,0x00,0xbf,0xaf,0x24,0x00,0xa5,0xaf,0x28,0x00,0xa6,0xaf,
    0xd9,0x06,0x11,0x04,0x2c,0x00,0xa7,0xaf,0x00,0x00,0x02,0x3c,0xb8,0x20,0x42,0x8c,
    0x00,0x00,0x00,0x00,0x0b,0x00,0x40,0x10,0xff,0xff,0x10,0x24,0x30,0x00,0xa3,0x8f,
    0x2c,0x00,0xa7,0x8f,0x10,0x00,0xa3,0xaf,0x14,0x00,0x42,0x8c,0x28,0x00,0xa6,0x8f,
    0x24,0x00,0xa5,0x8f,0x20,0x00,0xa4,0x8f,0x09,0xf8,0x40,0x00,0x00,0x00,0x00,0x00,
    0x25,0x80,0x40,0x00,0x00,0x00,0x04,0x3c,0xb0,0x20,0x84,0x8c,0xc8,0x06,0x11,0x04,
    0x00,0x00,0x00,0x00,0x1c,0x00,0xbf,0x8f,0x25,0x10,0x00,0x02,0x18,0x00,0xb0,0x8f,
    0x08,0x00,0xe0,0x03,0x20,0x00,0xbd,0x27,0xe0,0xff,0xbd,0x27,0x20,0x00,0xa5,0x27,
    0x25,0x38,0x00,0x00,0x20,0x00,0xa4,0xaf,0x10,0x00,0xa0,0xaf,0x04,0x00,0x06,0x24,
    0x1c,0x00,0xbf,0xaf,0xd6,0xff,0x11,0x04,0x0b,0x10,0x04,0x24,0x1c,0x00,0xbf,0x8f,
    0x00,0x00,0x00,0x00,0x08,0x00,0xe0,0x03,0x20,0x00,0xbd,0x27,0x00,0x00,0x02,0x3c,
    0xb6,0x20,0x42,0x90,0x00,0x00,0x00,0x00,0x06,0x00,0x40,0x10,0x00,0x00,0x00,0x00,
    0x00,0x00,0x19,0x3c,0xfc,0x20,0x39,0x8f,0x00,0x00,0x00,0x00,0x08,0x00,0x20,0x03,
    0x00,0x00,0x00,0x00,0x08,0x00,0xe0,0x03,0x00,0x00,0x00,0x00,0x00,0x00,0x02,0x3c,
    0xb6,0x20,0x42,0x90,0x00,0x00,0x00,0x00,0x06,0x00,0x40,0x10,0x00,0x00,0x00,0x00,
    0x00,0x00,0x19,0x3c,0x00,0x21,0x39,0x8f,0x00,0x00,0x00,0x00,0x08,0x00,0x20,0x03,
    0x00,0x00,0x00,0x00,0x08,0x00,0xe0,0x03,0x00,0x00,0x00,0x00,0x00,0x00,0x02,0x3c,
    0xb6,0x20,0x42,0x90,0x00,0x00,0x00,0x00,0x06,0x00,0x40,0x10,0x00,0x00,0x00,0x00,
    0x00,0x00,0x19,0x3c,0x04,0x21,0x39,0x8f,0x00,0x00,0x00,0x00,0x08,0x00,0x20,0x03,
    0x00,0x00,0x00,0x00,0x08,0x00,0xe0,0x03,0x00,0x00,0x00,0x00,0x00,0x00,0x02,0x3c,
    0xb6,0x20,0x42,0x90,0x00,0x00,0x00,0x00,0x06,0x00,0x40,0x10,0x00,0x00,0x00,0x00,
    0x00,0x00,0x19,0x3c,0x08,0x21,0x39,0x8f,0x00,0x00,0x00,0x00,0x08,0x00,0x20,0x03,
    0x00,0x00,0x00,0x00,0x08,0x00,0xe0,0x03,0x00,0x00,0x00,0x00,0x00,0x00,0x02,0x3c,
    0xb6,0x20,0x42,0x90,0x00,0x00,0x00,0x00,0x06,0x00,0x40,0x10,0x00,0x00,0x00,0x00,
    0x00,0x00,0x19,0x3c,0x0c,0x21,0x39,0x8f,0x00,0x00,0x00,0x00,0x08,0x00,0x20,0x03,
    0x00,0x00,0x00,0x00,0x08,0x00,0xe0,0x03,0x00,0x00,0x00,0x00,0xc8,0xff,0xbd,0x27,
    0x30,0x00,0xb3,0xaf,0x25,0x98,0x80,0x00,0x00,0x00,0x04,0x3c,0xb0,0x20,0x84,0x8c,
    0x28,0x00,0xb1,0xaf,0x00,0x00,0x11,0x3c,0xbc,0x20,0x31,0x26,0x34,0x00,0xbf,0xaf,
    0x2c,0x00,0xb2,0xaf,0x6c,0x06,0x11,0x04,0x24,0x00,0xb0,0xaf,0x04,0x00,0x22,0x96,
    0x00,0x00,0x00,0x00,0x80,0x00,0x42,0x30,0x12,0x00,0x40,0x10,0xf4,0xff,0x10,0x24,
    0x20,0x00,0x22,0x96,0x00,0x00,0x00,0x00,0x80,0x00,0x42,0x30,0x0e,0x00,0x40,0x10,
    0x01,0x00,0x12,0x24,0x00,0x00,0x04,0x3c,0xb0,0x20,0x84,0x8c,0x60,0x06,0x11,0x04,
    0x00,0x00,0x00,0x00,0x34,0x00,0xbf,0x8f,0x30,0x00,0xb3,0x8f,0x2c,0x00,0xb2,0x8f,
    0x28,0x00,0xb1,0x8f,0x25,0x10,0x00,0x02,0x24,0x00,0xb0,0x8f,0x08,0x00,0xe0,0x03,
    0x38,0x00,0xbd,0x27,0x25,0x90,0x00,0x00,0x08,0x00,0x62,0x8e,0x00,0x00,0x00,0x00,
    0x09,0xf8,0x40,0x00,0xfb,0xff,0x10,0x24,0xee,0xff,0x40,0x14,0x10,0x00,0xa4,0x27,
    0x10,0x00,0xa0,0xaf,0x14,0x00,0xa0,0xaf,0x34,0x06,0x11,0x04,0x18,0x00,0xa0,0xaf,
    0x25,0x80,0x40,0x00,0xe7,0xff,0x40,0x04,0x18,0x00,0x62,0xae,0x23,0x20,0x12,0x00,
    0x1c,0x00,0x84,0x30,0x21,0x20,0x24,0x02,0x1c,0x00,0x06,0x24,0xf6,0x05,0x11,0x04,
    0x25,0x28,0x60,0x02,0xc0,0x10,0x12,0x00,0x23,0x10,0x52,0x00,0x80,0x10,0x02,0x00,
    0x21,0x88,0x22,0x02,0x00,0x00,0x10,0x3c,0xb4,0x20,0x10,0x92,0x04,0x00,0x22,0x96,
    0x00,0x82,0x10,0x00,0x80,0x00,0x42,0x34,0x25,0x80,0x12,0x02,0x04,0x00,0x22,0xa6,
    0xe1,0xfe,0x11,0x04,0x06,0x00,0x30,0xa6,0x00,0x00,0x02,0x3c,0xb4,0x20,0x42,0x90,
    0x00,0x84,0x10,0x00,0x01,0x00,0x42,0x24,0x00,0x00,0x01,0x3c,0xb4,0x20,0x22,0xa0,
    0xcc,0xff,0x00,0x10,0x03,0x84,0x10,0x00,0xe0,0xff,0xbd,0x27,0x18,0x00,0xb1,0xaf,
    0x25,0x88,0x80,0x00,0x00,0x00,0x04,0x3c,0xb0,0x20,0x84,0x8c,0x14,0x00,0xb0,0xaf,
    0x00,0x00,0x10,0x3c,0xbc,0x20,0x10,0x26,0x1c,0x00,0xbf,0xaf,0x22,0x06,0x11,0x04,
    0x00,0x00,0x00,0x00,0x04,0x00,0x02,0x96,0x00,0x00,0x00,0x00,0x80,0x00,0x42,0x30,
    0x05,0x00,0x40,0x10,0x25,0x28,0x00,0x02,0xd1,0x05,0x11,0x04,0x25,0x20,0x20,0x02,
    0x13,0x00,0x40,0x10,0x25,0x18,0x00,0x00,0x20,0x00,0x02,0x96,0x00,0x00,0x00,0x00,
    0x80,0x00,0x42,0x30,0x07,0x00,0x40,0x10,0x00,0x00,0x00,0x00,0x00,0x00,0x05,0x3c,
    0xd8,0x20,0xa5,0x24,0xc6,0x05,0x11,0x04,0x25,0x20,0x20,0x02,0x08,0x00,0x40,0x10,
    0x01,0x00,0x03,0x24,0x1c,0x00,0xbf,0x8f,0x18,0x00,0xb1,0x8f,0x14,0x00,0xb0,0x8f,
    0x00,0x00,0x04,0x3c,0xb0,0x20,0x84,0x8c,0x09,0x06,0x00,0x10,0x20,0x00,0xbd,0x27,
    0xc0,0x10,0x03,0x00,0x23,0x10,0x43,0x00,0x80,0x10,0x02,0x00,0x21,0x80,0x02,0x02,
    0x0c,0x00,0x02,0x8e,0x00,0x00,0x00,0x00,0x09,0xf8,0x40,0x00,0x04,0x00,0x00,0xa6,
    0x18,0x00,0x04,0x8e,0xe7,0x05,0x11,0x04,0x00,0x00,0x00,0x00,0xa6,0xfe,0x11,0x04,
    0x00,0x00,0x00,0x00,0xeb,0xff,0x00,0x10,0x00,0x00,0x00,0x00,0xe0,0xff,0xbd,0x27,
    0x14,0x00,0xb1,0xaf,0x25,0x88,0x80,0x00,0x00,0x00,0x04,0x3c,0xb0,0x20,0x84,0x8c,
    0x18,0x00,0xb2,0xaf,0x1c,0x00,0xbf,0xaf,0x10,0x00,0xb0,0xaf,0xee,0x05,0x11,0x04,
    0x25,0x90,0xa0,0x00,0xfe,0x00,0x22,0x32,0x1d,0x00,0x40,0x14,0xff,0x00,0x23,0x32,
    0xc0,0x10,0x03,0x00,0x23,0x10,0x43,0x00,0x80,0x10,0x02,0x00,0x00,0x00,0x10,0x3c,
    0xbc,0x20,0x10,0x26,0x21,0x80,0x02,0x02,0x06,0x00,0x02,0x86,0x00,0x00,0x00,0x00,
    0x13,0x00,0x51,0x14,0x00,0x00,0x00,0x00,0x04,0x00,0x02,0x96,0x00,0x00,0x00,0x00,
    0x80,0x00,0x42,0x30,0x0e,0x00,0x40,0x10,0x00,0x00,0x00,0x00,0x18,0x00,0x04,0x8e,
    0xca,0x05,0x11,0x04,0xfc,0xff,0x05,0x24,0x04,0x00,0x02,0x96,0x10,0x00,0x40,0x12,
    0x01,0x00,0x05,0x24,0x04,0x00,0x42,0x34,0x04,0x00,0x02,0xa6,0x18,0x00,0x04,0x8e,
    0xbe,0x05,0x11,0x04,0x00,0x00,0x00,0x00,0x7b,0xfe,0x11,0x04,0x00,0x00,0x00,0x00,
    0x1c,0x00,0xbf,0x8f,0x18,0x00,0xb2,0x8f,0x14,0x00,0xb1,0x8f,0x10,0x00,0xb0,0x8f,
    0x00,0x00,0x04,0x3c,0xb0,0x20,0x84,0x8c,0xc9,0x05,0x00,0x10,0x20,0x00,0xbd,0x27,
    0xfb,0xff,0x42,0x30,0x04,0x00,0x02,0xa6,0xf0,0xff,0x00,0x10,0x02,0x00,0x05,0x24,
    0xe0,0xff,0xbd,0x27,0x14,0x00,0xb1,0xaf,0x25,0x88,0x80,0x00,0x00,0x00,0x04,0x3c,
    0xb0,0x20,0x84,0x8c,0x10,0x00,0xb0,0xaf,0x00,0x00,0x10,0x3c,0xbc,0x20,0x10,0x26,
    0x1c,0x00,0xbf,0xaf,0xb8,0x05,0x11,0x04,0x18,0x00,0xb2,0xaf,0x04,0x00,0x02,0x96,
    0x00,0x00,0x00,0x00,0x80,0x00,0x42,0x30,0x05,0x00,0x40,0x10,0x25,0x28,0x00,0x02,
    0x67,0x05,0x11,0x04,0x25,0x20,0x20,0x02,0x0c,0x00,0x40,0x10,0x00,0x00,0x00,0x00,
    0x20,0x00,0x02,0x96,0x00,0x00,0x00,0x00,0x80,0x00,0x42,0x30,0x0d,0x00,0x40,0x10,
    0xfa,0xff,0x12,0x24,0x00,0x00,0x05,0x3c,0xd8,0x20,0xa5,0x24,0x5c,0x05,0x11,0x04,
    0x25,0x20,0x20,0x02,0x07,0x00,0x40,0x14,0x01,0x00,0x02,0x24,0x23,0x10,0x02,0x00,
    0x1c,0x00,0x42,0x30,0x21,0x80,0x02,0x02,0x00,0x00,0x01,0x3c,0xb8,0x20,0x30,0xac,
    0x25,0x90,0x00,0x00,0x00,0x00,0x04,0x3c,0xb0,0x20,0x84,0x8c,0x9c,0x05,0x11,0x04,
    0x00,0x00,0x00,0x00,0x1c,0x00,0xbf,0x8f,0x14,0x00,0xb1,0x8f,0x10,0x00,0xb0,0x8f,
    0x25,0x10,0x40,0x02,0x18,0x00,0xb2,0x8f,0x08,0x00,0xe0,0x03,0x20,0x00,0xbd,0x27,
    0xe8,0xff,0xbd,0x27,0x18,0x00,0xa4,0xaf,0x00,0x00,0x04,0x3c,0xb0,0x20,0x84,0x8c,
    0x10,0x00,0xb0,0xaf,0x14,0x00,0xbf,0xaf,0x8b,0x05,0x11,0x04,0xfa,0xff,0x10,0x24,
    0x00,0x00,0x05,0x3c,0xb8,0x20,0xa5,0x8c,0x00,0x00,0x00,0x00,0x09,0x00,0xa0,0x10,
    0x00,0x00,0x00,0x00,0x04,0x00,0xa2,0x94,0x00,0x00,0x00,0x00,0x80,0x00,0x42,0x30,
    0x04,0x00,0x40,0x10,0x00,0x00,0x00,0x00,0x18,0x00,0xa4,0x8f,0x36,0x05,0x11,0x04,
    0x25,0x80,0x00,0x00,0x00,0x00,0x04,0x3c,0xb0,0x20,0x84,0x8c,0x7c,0x05,0x11,0x04,
    0x00,0x00,0x00,0x00,0x14,0x00,0xbf,0x8f,0x25,0x10,0x00,0x02,0x10,0x00,0xb0,0x8f,
    0x08,0x00,0xe0,0x03,0x18,0x00,0xbd,0x27,0xd8,0xff,0xbd,0x27,0x28,0x00,0xa4,0xaf,
    0x00,0x00,0x04,0x3c,0xb0,0x20,0x84,0x8c,0x24,0x00,0xbf,0xaf,0x20,0x00,0xb1,0xaf,
    0x6d,0x05,0x11,0x04,0x1c,0x00,0xb0,0xaf,0x00,0x00,0x02,0x3c,0xb8,0x20,0x42,0x8c,
    0x00,0x00,0x00,0x00,0x20,0x00,0x40,0x10,0xfd,0xff,0x05,0x24,0x18,0x00,0x51,0x8c,
    0x56,0x05,0x11,0x04,0x25,0x20,0x20,0x02,0x00,0x00,0x02,0x3c,0xb8,0x20,0x42,0x8c,
    0x10,0x00,0xa0,0xaf,0x14,0x00,0x42,0x8c,0x25,0x38,0x00,0x00,0x04,0x00,0x06,0x24,
    0x28,0x00,0xa5,0x27,0x09,0xf8,0x40,0x00,0x0b,0x10,0x04,0x24,0x25,0x80,0x40,0x00,
    0x00,0x00,0x04,0x3c,0xb0,0x20,0x84,0x8c,0x59,0x05,0x11,0x04,0x00,0x00,0x00,0x00,
    0x07,0x00,0x00,0x16,0x00,0x00,0x00,0x00,0x05,0x00,0x20,0x06,0x25,0x38,0x00,0x00,
    0x01,0x00,0x06,0x24,0x02,0x00,0x05,0x24,0x42,0x05,0x11,0x04,0x25,0x20,0x20,0x02,
    0x24,0x00,0xbf,0x8f,0x20,0x00,0xb1,0x8f,0x25,0x10,0x00,0x02,0x1c,0x00,0xb0,0x8f,
    0x08,0x00,0xe0,0x03,0x28,0x00,0xbd,0x27,0xff,0xff,0x11,0x24,0xec,0xff,0x00,0x10,
    0xff,0xff,0x10,0x24,0x00,0x00,0x00,0x00,0x00,0x00,0x00,0x00,0x00,0x00,0x00,0x00,
    0x00,0x00,0x02,0x3c,0x2c,0x25,0x42,0x94,0x00,0x00,0x00,0x00,0x27,0x00,0x40,0x10,
    0x00,0x00,0x00,0x00,0x00,0x00,0x03,0x3c,0x1c,0x24,0x63,0x24,0x40,0x11,0x02,0x00,
    0xd8,0xff,0xbd,0x27,0x21,0x10,0x43,0x00,0x04,0x00,0x03,0x24,0x1c,0x00,0xb0,0xaf,
    0x24,0x00,0xbf,0xaf,0x20,0x00,0xb1,0xaf,0x25,0x80,0x80,0x00,0x03,0x00,0x80,0x14,
    0x0c,0x00,0x43,0xac,0x9f,0x04,0x11,0x04,0x10,0x00,0xa4,0x27,0x00,0x00,0x05,0x3c,
    0x2c,0x25,0xa5,0x94,0x00,0x00,0x04,0x3c,0x2c,0x24,0x84,0x24,0xaf,0x04,0x11,0x04,
    0x40,0x28,0x05,0x00,0x08,0x00,0x00,0x12,0x25,0x88,0x40,0x00,0x0b,0x00,0x20,0x16,
    0xff,0xff,0x02,0x24,0x24,0x00,0xbf,0x8f,0x20,0x00,0xb1,0x8f,0x1c,0x00,0xb0,0x8f,
    0x08,0x00,0xe0,0x03,0x28,0x00,0xbd,0x27,0x10,0x00,0xa4,0x8f,0x8f,0x04,0x11,0x04,
    0x00,0x00,0x00,0x00,0xeb,0xff,0x20,0x12,0x00,0x00,0x00,0x00,0x00,0x00,0x01,0x3c,
    0x2c,0x25,0x20,0xa4,0xf3,0xff,0x00,0x10,0x25,0x10,0x00,0x00,0x08,0x00,0xe0,0x03,
    0x25,0x10,0x00,0x00,0xe8,0xff,0xbd,0x27,0x14,0x00,0xbf,0xaf,0xd0,0xff,0x11,0x04,
    0x01,0x00,0x04,0x24,0x25,0x18,0x40,0x00,0x02,0x00,0x60,0x10,0x25,0x10,0x00,0x00,
    0x00,0x90,0x02,0x34,0x14,0x00,0xbf,0x8f,0x00,0x00,0x00,0x00,0x08,0x00,0xe0,0x03,
    0x18,0x00,0xbd,0x27,0x00,0x00,0x02,0x3c,0x28,0x21,0x42,0x8c,0xb0,0xff,0xbd,0x27,
    0x4c,0x00,0xbf,0xaf,0x48,0x00,0xb1,0xaf,0x06,0x00,0x40,0x14,0x44,0x00,0xb0,0xaf,
    0x01,0x00,0x04,0x3c,0x71,0xfd,0x11,0x04,0x00,0x80,0x84,0x34,0x00,0x00,0x01,0x3c,
    0x28,0x21,0x22,0xac,0x00,0x00,0x02,0x3c,0x24,0x21,0x42,0x8c,0x00,0x00,0x00,0x00,
    0x05,0x00,0x40,0x14,0x00,0x00,0x00,0x00,0x68,0xfd,0x11,0x04,0x00,0x04,0x04,0x24,
    0x00,0x00,0x01,0x3c,0x24,0x21,0x22,0xac,0x00,0x00,0x04,0x3c,0x28,0x21,0x84,0x8c,
    0x00,0x00,0x00,0x00,0x4b,0x00,0x80,0x10,0xf4,0xff,0x10,0x24,0x00,0x00,0x02,0x3c,
    0x24,0x21,0x42,0x8c,0x00,0x00,0x00,0x00,0x46,0x00,0x40,0x10,0x01,0x00,0x06,0x3c,
    0x00,0x80,0xc6,0x34,0x9a,0x04,0x11,0x04,0x25,0x28,0x00,0x00,0x00,0x00,0x04,0x3c,
    0x24,0x21,0x84,0x8c,0x00,0x04,0x06,0x24,0x95,0x04,0x11,0x04,0x25,0x28,0x00,0x00,
    0x00,0x00,0x02,0x3c,0x24,0x21,0x42,0x8c,0x00,0x00,0x01,0x3c,0x2e,0x25,0x20,0xa4,
    0x00,0x00,0x01,0x3c,0x2c,0x25,0x20,0xa4,0x00,0x04,0x43,0x24,0xff,0xff,0x04,0x24,
    0x00,0x00,0x44,0xa4,0x10,0x00,0x42,0x24,0xfd,0xff,0x43,0x14,0x00,0x00,0x00,0x00,
    0x00,0x00,0x02,0x3c,0xb0,0x25,0x42,0x24,0x38,0x00,0xa2,0xaf,0x38,0x00,0xa4,0x8f,
    0x25,0x30,0x00,0x00,0x60,0x04,0x11,0x04,0x39,0x42,0x05,0x24,0x2f,0x00,0x40,0x04,
    0x00,0x00,0x00,0x00,0x38,0x00,0xa2,0x8f,0x00,0x00,0x00,0x00,0x24,0x00,0x42,0x8c,
    0x00,0x00,0x00,0x00,0x29,0x00,0x40,0x10,0x08,0x00,0x02,0x24,0x18,0x00,0xa2,0xaf,
    0x00,0x00,0x11,0x3c,0x70,0x25,0x31,0x26,0x04,0x00,0x02,0x24,0x20,0x00,0xa0,0xaf,
    0x1c,0x00,0xa0,0xaf,0x14,0x00,0xb1,0xaf,0x10,0x00,0xa2,0xaf,0x00,0x00,0x07,0x3c,
    0x24,0x21,0xe7,0x24,0x25,0x30,0x00,0x00,0x00,0x00,0x04,0x3c,0xb0,0x25,0x84,0x24,
    0x47,0x04,0x11,0x04,0x25,0x28,0x00,0x00,0x12,0x00,0x40,0x04,0x25,0x80,0x40,0x00,
    0x00,0x00,0x30,0x8e,0x00,0x00,0x00,0x00,0x0e,0x00,0x00,0x16,0x28,0x00,0xa4,0x27,
    0x04,0x00,0x22,0x8e,0x00,0x00,0x01,0x3c,0x20,0x21,0x22,0xac,0x00,0x00,0x02,0x3c,
    0xc0,0x1f,0x42,0x24,0x2c,0x00,0xa2,0xaf,0x01,0x00,0x02,0x24,0x28,0x00,0xa0,0xaf,
    0x30,0x00,0xa2,0xaf,0xa4,0x04,0x11,0x04,0x34,0x00,0xa2,0xaf,0x00,0x00,0x01,0x3c,
    0x70,0x20,0x22,0xac,0x4c,0x00,0xbf,0x8f,0x48,0x00,0xb1,0x8f,0x25,0x10,0x00,0x02,
    0x44,0x00,0xb0,0x8f,0x08,0x00,0xe0,0x03,0x50,0x00,0xbd,0x27,0x78,0x04,0x11,0x04,
    0xf4,0x01,0x04,0x24,0xc9,0xff,0x00,0x10,0x00,0x00,0x00,0x00,0x00,0x00,0x04,0x3c,
    0x28,0x21,0x84,0x8c,0xe8,0xff,0xbd,0x27,0x05,0x00,0x80,0x10,0x14,0x00,0xbf,0xaf,
    0x18,0xfd,0x11,0x04,0x00,0x00,0x00,0x00,0x00,0x00,0x01,0x3c,0x28,0x21,0x20,0xac,
    0x00,0x00,0x04,0x3c,0x24,0x21,0x84,0x8c,0x00,0x00,0x00,0x00,0x05,0x00,0x80,0x10,
    0x00,0x00,0x00,0x00,0x0f,0xfd,0x11,0x04,0x00,0x00,0x00,0x00,0x00,0x00,0x01,0x3c,
    0x24,0x21,0x20,0xac,0x00,0x00,0x04,0x3c,0x70,0x20,0x84,0x8c,0x00,0x00,0x00,0x00,
    0x06,0x00,0x80,0x04,0x00,0x00,0x00,0x00,0x81,0x04,0x11,0x04,0x00,0x00,0x00,0x00,
    0xff,0xff,0x02,0x24,0x00,0x00,0x01,0x3c,0x70,0x20,0x22,0xac,0x14,0x00,0xbf,0x8f,
    0x28,0x00,0x06,0x24,0x25,0x28,0x00,0x00,0x00,0x00,0x04,0x3c,0xb0,0x25,0x84,0x24,
    0x2b,0x04,0x00,0x10,0x18,0x00,0xbd,0x27,0xd0,0xff,0xbd,0x27,0x28,0x00,0xb0,0xaf,
    0x25,0x80,0x80,0x00,0x00,0x00,0x04,0x3c,0x70,0x20,0x84,0x8c,0x2c,0x00,0xbf,0xaf,
    0x71,0x04,0x11,0x04,0x00,0x00,0x00,0x00,0x04,0x00,0x02,0x24,0x20,0x00,0xa0,0xaf,
    0x1c,0x00,0xa0,0xaf,0x18,0x00,0xa0,0xaf,0x14,0x00,0xa0,0xaf,0x10,0x00,0xa2,0xaf,
    0x00,0x00,0x04,0x3c,0xb0,0x25,0x84,0x24,0x00,0x00,0x07,0x3c,0x30,0x25,0xe7,0x24,
    0x25,0x30,0x00,0x00,0x00,0x00,0x01,0x3c,0x30,0x25,0x30,0xac,0xf0,0x03,0x11,0x04,
    0x03,0x00,0x05,0x24,0x2c,0x00,0xbf,0x8f,0x28,0x00,0xb0,0x8f,0x00,0x00,0x04,0x3c,
    0x70,0x20,0x84,0x8c,0x5e,0x04,0x00,0x10,0x30,0x00,0xbd,0x27,0x00,0x00,0x02,0x3c,
    0x2e,0x25,0x42,0x94,0x00,0x00,0x06,0x3c,0x24,0x21,0xc6,0x8c,0x00,0x19,0x02,0x00,
    0x21,0x30,0xc3,0x00,0x00,0x00,0xc3,0x94,0x00,0x00,0x00,0x00,0xff,0xff,0x63,0x30,
    0xfc,0xff,0x60,0x14,0x40,0x18,0x02,0x00,0x21,0x18,0x62,0x00,0x80,0x38,0x03,0x00,
    0x00,0x00,0x02,0x3c,0x2c,0x21,0x42,0x24,0x21,0x10,0x47,0x00,0x00,0x00,0x46,0xac,
    0x00,0x00,0x06,0x3c,0x28,0x21,0xc6,0x8c,0x40,0x1a,0x03,0x00,0x21,0x18,0xc3,0x00,
    0x04,0x00,0x43,0xac,0x08,0x00,0x44,0xac,0x08,0x00,0xe0,0x03,0x00,0x00,0xa3,0xac,
    0x08,0x00,0xe0,0x03,0x00,0x00,0x80,0xac,0xd8,0xff,0xbd,0x27,0x20,0x00,0xb1,0xaf,
    0x1c,0x00,0xb0,0xaf,0x04,0x00,0x91,0x8c,0x08,0x00,0x90,0x8c,0x00,0x00,0x04,0x3c,
    0x54,0x0b,0x84,0x24,0x24,0x00,0xbf,0xaf,0x17,0x04,0x11,0x04,0x25,0x28,0x00,0x00,
    0x00,0x00,0x02,0x3c,0x2c,0x25,0x42,0x94,0x00,0x00,0x00,0x00,0x08,0x00,0x42,0x2c,
    0x03,0x00,0x40,0x14,0x00,0x00,0x00,0x00,0xed,0xfe,0x11,0x04,0x25,0x20,0x00,0x00,
    0x00,0x00,0x04,0x3c,0x2e,0x25,0x84,0x94,0x00,0x00,0x03,0x3c,0x2c,0x25,0x63,0x94,
    0x00,0x00,0x05,0x3c,0x24,0x21,0xa5,0x8c,0x00,0x31,0x04,0x00,0x40,0x39,0x03,0x00,
    0x00,0x00,0x02,0x3c,0x2c,0x24,0x42,0x24,0x21,0x10,0x47,0x00,0x21,0x28,0xa6,0x00,
    0x00,0x00,0xb0,0xa4,0x08,0x00,0xa7,0x8c,0x10,0x00,0x45,0xac,0x00,0x00,0x05,0x3c,
    0x20,0x21,0xa5,0x8c,0x04,0x00,0x47,0xac,0x21,0x28,0xa6,0x00,0x03,0x00,0x10,0x26,
    0xfc,0xff,0x07,0x24,0x14,0x00,0x45,0xac,0x24,0x80,0x07,0x02,0x10,0x00,0x05,0x24,
    0x00,0x00,0x51,0xac,0x08,0x00,0x50,0xac,0x0c,0x00,0x40,0xac,0x18,0x00,0x45,0xac,
    0x1c,0x00,0x40,0xac,0x01,0x00,0x62,0x24,0xff,0xff,0x42,0x30,0x01,0x00,0x84,0x24,
    0x00,0x00,0x01,0x3c,0x2c,0x25,0x22,0xa4,0x3f,0x00,0x84,0x30,0x08,0x00,0x42,0x2c,
    0x00,0x00,0x01,0x3c,0x2e,0x25,0x24,0xa4,0x06,0x00,0x40,0x14,0x25,0x20,0x00,0x00,
    0x24,0x00,0xbf,0x8f,0x20,0x00,0xb1,0x8f,0x1c,0x00,0xb0,0x8f,0xc0,0xfe,0x00,0x10,
    0x28,0x00,0xbd,0x27,0x00,0x90,0x02,0x34,0x10,0x00,0xa4,0x27,0x25,0x30,0x00,0x00,
    0x00,0x00,0x05,0x3c,0x54,0x0b,0xa5,0x24,0x10,0x00,0xa2,0xaf,0xd8,0x03,0x11,0x04,
    0x14,0x00,0xa0,0xaf,0x24,0x00,0xbf,0x8f,0x20,0x00,0xb1,0x8f,0x1c,0x00,0xb0,0x8f,
    0x08,0x00,0xe0,0x03,0x28,0x00,0xbd,0x27,0x00,0x00,0x00,0x00,0x00,0x00,0x00,0x00,
    0x00,0x00,0x05,0x3c,0xf6,0x25,0xa5,0x94,0x00,0x00,0x03,0x3c,0xfc,0x25,0x63,0x8c,
    0x00,0x11,0x05,0x00,0x21,0x18,0x62,0x00,0x40,0x10,0x05,0x00,0x21,0x10,0x45,0x00,
    0x02,0x00,0x65,0x94,0x40,0x12,0x02,0x00,0x21,0x10,0x45,0x00,0x00,0x00,0x05,0x3c,
    0x00,0x26,0xa5,0x8c,0x00,0x00,0x00,0x00,0x21,0x10,0xa2,0x00,0x00,0x00,0x82,0xac,
    0x00,0x00,0x62,0x94,0x08,0x00,0xe0,0x03,0x00,0x00,0x00,0x00,0xd8,0xff,0xbd,0x27,
    0x00,0x00,0x05,0x3c,0xa4,0x20,0xa5,0x8c,0x00,0x00,0x04,0x3c,0x54,0x26,0x84,0x24,
    0x20,0x00,0xb0,0xaf,0x00,0x00,0x10,0x3c,0x54,0x26,0x10,0x26,0x24,0x00,0xbf,0xaf,
    0x67,0x03,0x11,0x04,0x00,0x00,0x00,0x00,0x18,0x00,0xb0,0xaf,0x14,0x00,0xa0,0xaf,
    0x10,0x00,0xa0,0xaf,0x00,0x00,0x04,0x3c,0xbc,0x26,0x84,0x24,0x00,0x00,0x07,0x3c,
    0x6c,0x26,0xe7,0x24,0x00,0x00,0x06,0x3c,0x24,0x12,0xc6,0x24,0x5e,0x03,0x11,0x04,
    0x39,0x42,0x05,0x24,0x24,0x00,0xbf,0x8f,0x25,0x20,0x00,0x02,0x20,0x00,0xb0,0x8f,
    0x5f,0x03,0x00,0x10,0x28,0x00,0xbd,0x27,0x0c,0x00,0x83,0x90,0x00,0x00,0x02,0x3c,
    0xfc,0x25,0x42,0x8c,0x00,0x19,0x03,0x00,0x21,0x10,0x43,0x00,0x0d,0x00,0x85,0x90,
    0x0e,0x00,0x83,0x94,0x02,0x00,0x45,0xa4,0xce,0xfc,0x00,0x10,0x00,0x00,0x43,0xa4,
    0x00,0x00,0x02,0x3c,0xf6,0x25,0x42,0x94,0x00,0x00,0x03,0x3c,0xfc,0x25,0x63,0x8c,
    0x00,0x11,0x02,0x00,0xd0,0xff,0xbd,0x27,0x21,0x18,0x62,0x00,0x2c,0x00,0xbf,0xaf,
    0x28,0x00,0xb0,0xaf,0x00,0x00,0x60,0xa4,0x00,0x00,0x03,0x3c,0xe0,0x25,0x63,0x24,
    0x10,0x00,0xa3,0xaf,0x00,0x00,0x03,0x3c,0xf8,0x25,0x63,0x8c,0x1c,0x00,0xa0,0xaf,
    0x21,0x10,0x62,0x00,0x14,0x00,0xa2,0xaf,0x10,0x00,0x02,0x24,0x18,0x00,0xa2,0xaf,
    0x14,0x03,0x11,0x04,0x20,0x00,0xa4,0x27,0x10,0x00,0xa4,0x27,0x27,0x03,0x11,0x04,
    0x01,0x00,0x05,0x24,0x20,0x00,0xa4,0x8f,0x10,0x03,0x11,0x04,0x25,0x80,0x40,0x00,
    0xf7,0xff,0x00,0x12,0x00,0x00,0x00,0x00,0x00,0x00,0x02,0x3c,0xf6,0x25,0x42,0x94,
    0x2c,0x00,0xbf,0x8f,0x01,0x00,0x42,0x24,0x3f,0x00,0x42,0x30,0x28,0x00,0xb0,0x8f,
    0x00,0x00,0x01,0x3c,0xf6,0x25,0x22,0xa4,0x08,0x00,0xe0,0x03,0x30,0x00,0xbd,0x27,
    0x51,0xff,0x00,0x10,0x00,0x00,0x00,0x00,0x4d,0xff,0x00,0x10,0x00,0x00,0x00,0x00,
    0x32,0xff,0x00,0x10,0x00,0x00,0x00,0x00,0x13,0xff,0x00,0x10,0x25,0x20,0x00,0x00,
    0x11,0xff,0x00,0x10,0x01,0x00,0x04,0x24,0x00,0x00,0x02,0x3c,0xf4,0x25,0x42,0x90,
    0x00,0x00,0x00,0x00,0x21,0x00,0x40,0x10,0x00,0x80,0x04,0x3c,0xe8,0xff,0xbd,0x27,
    0x00,0x00,0x01,0x3c,0xf4,0x25,0x20,0xa0,0x14,0x00,0xbf,0xaf,0x6a,0xfc,0x11,0x04,
    0x00,0x00,0x00,0x00,0x00,0x00,0x04,0x3c,0x00,0x26,0x84,0x8c,0x00,0x00,0x00,0x00,
    0x05,0x00,0x80,0x10,0x00,0x00,0x00,0x00,0xfa,0xfb,0x11,0x04,0x00,0x00,0x00,0x00,
    0x00,0x00,0x01,0x3c,0x00,0x26,0x20,0xac,0x00,0x00,0x04,0x3c,0xfc,0x25,0x84,0x8c,
    0x00,0x00,0x00,0x00,0x05,0x00,0x80,0x10,0x00,0x00,0x00,0x00,0xf1,0xfb,0x11,0x04,
    0x00,0x00,0x00,0x00,0x00,0x00,0x01,0x3c,0xfc,0x25,0x20,0xac,0x00,0x80,0x04,0x3c,
    0x14,0x00,0xbf,0x8f,0x00,0x00,0x01,0x3c,0xf8,0x25,0x20,0xac,0x0d,0x00,0x84,0x24,
    0x18,0x00,0xbd,0x27,0x02,0x03,0x00,0x10,0x00,0x00,0x00,0x00,0xfd,0xff,0x00,0x10,
    0x0d,0x00,0x84,0x24,0xd8,0xff,0xbd,0x27,0x08,0x00,0x82,0x2c,0x24,0x00,0xbf,0xaf,
    0x20,0x00,0xb1,0xaf,0x7e,0x00,0x40,0x10,0x1c,0x00,0xb0,0xaf,0x80,0x20,0x04,0x00,
    0x00,0x00,0x02,0x3c,0xd0,0x1f,0x42,0x24,0x21,0x10,0x44,0x00,0x00,0x00,0x42,0x8c,
    0x00,0x00,0x00,0x00,0x08,0x00,0x40,0x00,0x25,0x80,0xa0,0x00,0x49,0xfe,0x11,0x04,
    0x00,0x00,0x00,0x00,0x00,0x00,0x01,0x3c,0xf0,0x25,0x22,0xac,0x00,0x00,0x02,0x3c,
    0x49,0x00,0x00,0x10,0xf0,0x25,0x42,0x24,0xc3,0xff,0x11,0x04,0x00,0x00,0x00,0x00,
    0xae,0xfe,0x11,0x04,0x00,0x00,0x00,0x00,0x43,0x00,0x00,0x10,0x25,0x10,0x00,0x00,
    0x00,0x00,0x02,0x3c,0x00,0x26,0x42,0x8c,0x00,0x00,0x00,0x00,0x06,0x00,0x40,0x14,
    0x00,0x00,0x00,0x00,0x01,0x00,0x04,0x3c,0xb0,0xfb,0x11,0x04,0x00,0x80,0x84,0x34,
    0x00,0x00,0x01,0x3c,0x00,0x26,0x22,0xac,0x00,0x00,0x04,0x3c,0xfc,0x25,0x84,0x8c,
    0x00,0x00,0x00,0x00,0x06,0x00,0x80,0x14,0x00,0x00,0x00,0x00,0xa7,0xfb,0x11,0x04,
    0x00,0x04,0x04,0x24,0x25,0x20,0x40,0x00,0x00,0x00,0x01,0x3c,0xfc,0x25,0x22,0xac,
    0x00,0x00,0x11,0x3c,0x00,0x26,0x31,0x8e,0x00,0x00,0x00,0x00,0x2f,0x00,0x20,0x12,
    0xf4,0xff,0x02,0x24,0x2d,0x00,0x80,0x10,0x00,0x04,0x06,0x24,0x00,0x00,0x02,0x8e,
    0x00,0x00,0x01,0x3c,0xf8,0x25,0x22,0xac,0xd9,0x02,0x11,0x04,0x25,0x28,0x00,0x00,
    0x01,0x00,0x06,0x3c,0x00,0x80,0xc6,0x34,0x25,0x28,0x00,0x00,0xd4,0x02,0x11,0x04,
    0x25,0x20,0x20,0x02,0x00,0x00,0x04,0x3c,0x80,0x20,0x84,0x24,0x00,0x00,0x01,0x3c,
    0x08,0x26,0x31,0xac,0x00,0x00,0x01,0x3c,0xeb,0xfb,0x11,0x04,0xf6,0x25,0x20,0xa4,
    0x00,0x00,0x01,0x3c,0xf0,0x25,0x22,0xac,0x06,0x00,0x40,0x14,0x25,0x30,0x00,0x00,
    0x00,0x80,0x04,0x3c,0x00,0x00,0x05,0x3c,0x98,0x10,0xa5,0x24,0xae,0x02,0x11,0x04,
    0x0d,0x00,0x84,0x24,0x01,0x00,0x02,0x24,0x00,0x00,0x01,0x3c,0xf4,0x25,0x22,0xa0,
    0x00,0x00,0x02,0x3c,0xf0,0x25,0x42,0x8c,0x00,0x00,0x01,0x3c,0x04,0x26,0x22,0xac,
    0x00,0x00,0x02,0x3c,0xfc,0x25,0x42,0x8c,0x00,0x00,0x01,0x3c,0x0c,0x26,0x22,0xac,
    0x00,0x00,0x02,0x3c,0x04,0x26,0x42,0x24,0x24,0x00,0xbf,0x8f,0x20,0x00,0xb1,0x8f,
    0x1c,0x00,0xb0,0x8f,0x08,0x00,0xe0,0x03,0x28,0x00,0xbd,0x27,0x00,0x00,0x01,0x3c,
    0xf0,0x25,0x22,0xac,0xec,0xff,0x00,0x10,0x01,0x00,0x02,0x24,0x72,0xff,0x11,0x04,
    0x00,0x00,0x00,0x00,0xf4,0xff,0x00,0x10,0x25,0x10,0x00,0x00,0x4c,0x00,0xa2,0x8c,
    0x00,0x00,0x07,0x3c,0x08,0x26,0xe7,0x24,0x10,0x00,0xa2,0xaf,0x44,0x00,0xa6,0x8c,
    0x00,0x00,0x04,0x8e,0x0e,0xfc,0x11,0x04,0x04,0x00,0xa5,0x24,0x00,0x00,0x01,0x3c,
    0xe7,0xff,0x00,0x10,0x04,0x26,0x22,0xac,0x29,0xfd,0x11,0x04,0x25,0x20,0xa0,0x00,
    0xfa,0xff,0x00,0x10,0x00,0x00,0x00,0x00,0x00,0x00,0x04,0x3c,0x54,0xfd,0x11,0x04,
    0x08,0x26,0x84,0x24,0xf5,0xff,0x00,0x10,0x00,0x00,0x00,0x00,0x00,0x00,0xa4,0x8c,
    0x6d,0xfd,0x11,0x04,0x00,0x00,0x00,0x00,0x8e,0xff,0x00,0x10,0x00,0x00,0x00,0x00,
    0x25,0x28,0x80,0x00,0x00,0x00,0x04,0x3c,0x84,0x02,0x11,0x04,0x30,0x20,0x84,0x24,
    0x88,0xff,0x00,0x10,0xff,0xff,0x02,0x24,0x00,0x00,0x02,0x3c,0xf5,0x25,0x42,0x90,
    0x00,0x00,0x00,0x00,0x1b,0x00,0x40,0x14,0x00,0x00,0x00,0x00,0xd0,0xff,0xbd,0x27,
    0x00,0x02,0x02,0x3c,0x10,0x00,0xa2,0xaf,0x00,0x00,0x02,0x3c,0x2c,0x10,0x42,0x24,
    0x18,0x00,0xa2,0xaf,0x00,0x06,0x02,0x24,0x1c,0x00,0xa2,0xaf,0x10,0x00,0xa4,0x27,
    0x27,0x00,0x02,0x24,0x2c,0x00,0xbf,0xaf,0x14,0x00,0xa0,0xaf,0x92,0x02,0x11,0x04,
    0x20,0x00,0xa2,0xaf,0x25,0x20,0x40,0x00,0x00,0x00,0x01,0x3c,0xa4,0x20,0x22,0xac,
    0x8f,0x02,0x11,0x04,0x25,0x28,0x00,0x00,0x2c,0x00,0xbf,0x8f,0x01,0x00,0x02,0x24,
    0x00,0x00,0x01,0x3c,0xf5,0x25,0x22,0xa0,0x25,0x10,0x00,0x00,0x08,0x00,0xe0,0x03,
    0x30,0x00,0xbd,0x27,0x08,0x00,0xe0,0x03,0x25,0x10,0x00,0x00,0x00,0x00,0x02,0x3c,
    0xf5,0x25,0x42,0x90,0x00,0x00,0x00,0x00,0x19,0x00,0x40,0x10,0x00,0x00,0x00,0x00,
    0xe8,0xff,0xbd,0x27,0x00,0x00,0x05,0x3c,0x54,0x26,0xa5,0x24,0x00,0x00,0x04,0x3c,
    0xbc,0x26,0x84,0x24,0x14,0x00,0xbf,0xaf,0x41,0x02,0x11,0x04,0x00,0x00,0x00,0x00,
    0x00,0x00,0x04,0x3c,0x40,0x02,0x11,0x04,0x54,0x26,0x84,0x24,0x00,0x00,0x04,0x3c,
    0xa4,0x20,0x84,0x8c,0x78,0x02,0x11,0x04,0x00,0x00,0x00,0x00,0x00,0x00,0x04,0x3c,
    0xa4,0x20,0x84,0x8c,0x76,0x02,0x11,0x04,0x00,0x00,0x00,0x00,0x14,0x00,0xbf,0x8f,
    0x00,0x00,0x01,0x3c,0xf5,0x25,0x20,0xa0,0x08,0x00,0xe0,0x03,0x18,0x00,0xbd,0x27,
    0x08,0x00,0xe0,0x03,0x00,0x00,0x00,0x00,0x00,0x00,0x00,0x00,0x00,0x00,0x00,0x00,
    0x00,0x00,0x02,0x3c,0x30,0x27,0x42,0x8c,0x00,0x00,0x00,0x00,0x0b,0x00,0x40,0x10,
    0x00,0x00,0x00,0x00,0xe8,0xff,0xbd,0x27,0x60,0x00,0x43,0x8c,0x44,0x00,0x44,0x8c,
    0x14,0x00,0xbf,0xaf,0x09,0xf8,0x60,0x00,0x25,0x28,0x00,0x00,0x14,0x00,0xbf,0x8f,
    0x25,0x10,0x00,0x00,0x08,0x00,0xe0,0x03,0x18,0x00,0xbd,0x27,0x08,0x00,0xe0,0x03,
    0x25,0x10,0x00,0x00,0x00,0x00,0x02,0x3c,0x30,0x27,0x42,0x8c,0x00,0x00,0x00,0x00,
    0x05,0x00,0x40,0x10,0x00,0x00,0x00,0x00,0x64,0x00,0x59,0x8c,0x44,0x00,0x44,0x8c,
    0x08,0x00,0x20,0x03,0x25,0x28,0x00,0x00,0x08,0x00,0xe0,0x03,0x00,0x00,0x00,0x00,
    0x00,0x00,0x02,0x3c,0x30,0x27,0x42,0x8c,0x00,0x00,0x00,0x00,0x05,0x00,0x40,0x10,
    0x00,0x00,0x00,0x00,0x68,0x00,0x59,0x8c,0x44,0x00,0x44,0x8c,0x08,0x00,0x20,0x03,
    0x25,0x28,0x00,0x00,0x08,0x00,0xe0,0x03,0x00,0x00,0x00,0x00,0x00,0x00,0x03,0x3c,
    0x30,0x27,0x63,0x8c,0x00,0x00,0x00,0x00,0x4c,0x01,0x60,0x10,0x00,0x00,0x00,0x00,
    0xd8,0xff,0xbd,0x27,0x0c,0x10,0x82,0x2c,0x1c,0x00,0xb0,0xaf,0x24,0x00,0xbf,0xaf,
    0x20,0x00,0xb1,0xaf,0x25,0x80,0xe0,0x00,0x14,0x00,0xa0,0xaf,0x0f,0x00,0x40,0x10,
    0x10,0x00,0xa0,0xaf,0x00,0x10,0x82,0x2c,0x13,0x00,0x40,0x14,0xff,0xef,0x84,0x24,
    0x0b,0x00,0x82,0x2c,0x12,0x00,0x40,0x10,0x80,0x20,0x04,0x00,0x00,0x00,0x02,0x3c,
    0xf0,0x1f,0x42,0x24,0x21,0x10,0x44,0x00,0x00,0x00,0x46,0x8c,0x44,0x00,0x64,0x8c,
    0x6c,0x00,0x62,0x8c,0x08,0x00,0xc0,0x00,0x00,0x00,0x00,0x00,0x01,0x30,0x02,0x24,
    0x3b,0x00,0x82,0x10,0x02,0x30,0x02,0x24,0x43,0x00,0x82,0x10,0x00,0x30,0x02,0x24,
    0x2f,0x00,0x82,0x10,0x04,0x00,0x07,0x24,0x2b,0x00,0x00,0x10,0xff,0xff,0x02,0x24,
    0x38,0x00,0xa6,0x8f,0x00,0x00,0x00,0x00,0x11,0x00,0xc2,0x2c,0x02,0x00,0x40,0x14,
    0x88,0x00,0x65,0x24,0x10,0x00,0x06,0x24,0xf7,0x01,0x11,0x04,0x25,0x20,0x00,0x02,
    0x24,0x00,0xbf,0x8f,0x14,0x00,0xa2,0x8f,0x20,0x00,0xb1,0x8f,0x1c,0x00,0xb0,0x8f,
    0x08,0x00,0xe0,0x03,0x28,0x00,0xbd,0x27,0x04,0x00,0x07,0x24,0x10,0x00,0xa6,0x27,
    0x09,0xf8,0x40,0x00,0x02,0x80,0x05,0x3c,0x10,0x00,0xa2,0x8f,0x00,0x00,0x00,0x00,
    0x08,0x00,0x43,0x30,0x02,0x00,0x60,0x10,0x04,0x00,0x03,0x24,0x14,0x00,0xa3,0xaf,
    0x04,0x00,0x43,0x30,0x02,0x00,0x60,0x10,0x03,0x00,0x03,0x24,0x14,0x00,0xa3,0xaf,
    0x02,0x00,0x43,0x30,0x02,0x00,0x60,0x10,0x02,0x00,0x03,0x24,0x14,0x00,0xa3,0xaf,
    0x01,0x00,0x43,0x30,0x02,0x00,0x60,0x10,0x01,0x00,0x03,0x24,0x14,0x00,0xa3,0xaf,
    0x40,0x00,0x42,0x30,0xe2,0xff,0x40,0x14,0x00,0x00,0x00,0x00,0x14,0x00,0xa2,0x8f,
    0x00,0x00,0x00,0x00,0x40,0x00,0x42,0x34,0xdd,0xff,0x00,0x10,0x14,0x00,0xa2,0xaf,
    0x6c,0x00,0x62,0x8c,0x44,0x00,0x64,0x8c,0x10,0x00,0xa6,0x27,0x09,0xf8,0x40,0x00,
    0x03,0x80,0x05,0x3c,0x10,0x00,0xa2,0x8f,0xf7,0xff,0x00,0x10,0x2a,0x10,0x02,0x00,
    0x01,0x80,0x05,0x3c,0x6c,0x00,0x62,0x8c,0x04,0x00,0x07,0x24,0x14,0x00,0xa6,0x27,
    0x05,0x00,0xa5,0x24,0x44,0x00,0x64,0x8c,0x09,0xf8,0x40,0x00,0x00,0x00,0x00,0x00,
    0xcb,0xff,0x00,0x10,0x00,0x00,0x00,0x00,0x01,0x80,0x05,0x3c,0x6c,0x00,0x62,0x8c,
    0x04,0x00,0x07,0x24,0x14,0x00,0xa6,0x27,0xf6,0xff,0x00,0x10,0x04,0x00,0xa5,0x24,
    0x01,0x80,0x05,0x3c,0x04,0x00,0x07,0x24,0x14,0x00,0xa6,0x27,0xf2,0xff,0x00,0x10,
    0x03,0x10,0xa5,0x24,0x01,0x80,0x05,0x3c,0x04,0x00,0x07,0x24,0x14,0x00,0xa6,0x27,
    0xed,0xff,0x00,0x10,0x02,0x10,0xa5,0x24,0x01,0x80,0x05,0x3c,0x04,0x00,0x07,0x24,
    0x14,0x00,0xa6,0x27,0xe8,0xff,0x00,0x10,0x04,0x10,0xa5,0x24,0x01,0x80,0x05,0x3c,
    0x04,0x00,0x07,0x24,0x14,0x00,0xa6,0x27,0xe3,0xff,0x00,0x10,0x05,0x10,0xa5,0x24,
    0x01,0x80,0x05,0x3c,0x04,0x00,0x07,0x24,0x14,0x00,0xa6,0x27,0xde,0xff,0x00,0x10,
    0x09,0x10,0xa5,0x24,0x01,0x80,0x05,0x3c,0x04,0x00,0x07,0x24,0x14,0x00,0xa6,0x27,
    0xd9,0xff,0x00,0x10,0x0c,0x10,0xa5,0x24,0x01,0x80,0x05,0x3c,0x04,0x00,0x07,0x24,
    0x14,0x00,0xa6,0x27,0xd4,0xff,0x00,0x10,0x01,0x10,0xa5,0x24,0x01,0x80,0x05,0x3c,
    0x04,0x00,0x07,0x24,0x14,0x00,0xa6,0x27,0xcf,0xff,0x00,0x10,0x0a,0x10,0xa5,0x24,
    0x00,0x00,0xa5,0x8c,0xbf,0xff,0x03,0x24,0x8f,0x00,0x06,0x24,0x24,0x18,0xa3,0x00,
    0x0a,0x00,0x60,0x10,0x10,0x00,0xa6,0xaf,0x03,0x00,0x06,0x24,0x16,0x00,0x66,0x10,
    0x04,0x00,0x66,0x28,0x0f,0x00,0xc0,0x10,0x01,0x00,0x06,0x24,0x13,0x00,0x66,0x10,
    0x02,0x00,0x06,0x24,0x11,0x00,0x66,0x10,0x00,0x00,0x00,0x00,0x40,0x00,0xa5,0x30,
    0x05,0x00,0xa0,0x14,0x04,0x00,0x07,0x24,0x10,0x00,0xa3,0x8f,0x00,0x00,0x00,0x00,
    0x40,0x00,0x63,0x34,0x10,0x00,0xa3,0xaf,0x10,0x00,0xa6,0x27,0xb6,0xff,0x00,0x10,
    0x02,0x81,0x05,0x3c,0x04,0x00,0x06,0x24,0xf4,0xff,0x66,0x14,0x00,0x00,0x00,0x00,
    0x02,0x00,0x00,0x10,0x08,0x00,0x03,0x24,0x04,0x00,0x03,0x24,0xef,0xff,0x00,0x10,
    0x10,0x00,0xa3,0xaf,0x04,0x00,0x07,0x24,0x10,0x00,0xa6,0x27,0x09,0xf8,0x40,0x00,
    0x02,0x80,0x05,0x3c,0x10,0x00,0xa2,0x8f,0x00,0x00,0x00,0x00,0x08,0x00,0x43,0x30,
    0x02,0x00,0x60,0x10,0x04,0x00,0x03,0x24,0x14,0x00,0xa3,0xaf,0x04,0x00,0x43,0x30,
    0x02,0x00,0x60,0x10,0x03,0x00,0x03,0x24,0x14,0x00,0xa3,0xaf,0x02,0x00,0x43,0x30,
    0x02,0x00,0x60,0x10,0x02,0x00,0x03,0x24,0x14,0x00,0xa3,0xaf,0x01,0x00,0x43,0x30,
    0x02,0x00,0x60,0x10,0x01,0x00,0x03,0x24,0x14,0x00,0xa3,0xaf,0x40,0x00,0x42,0x30,
    0x05,0x00,0x40,0x14,0x00,0x00,0x00,0x00,0x14,0x00,0xa2,0x8f,0x00,0x00,0x00,0x00,
    0x40,0x00,0x42,0x34,0x14,0x00,0xa2,0xaf,0x14,0x00,0xa2,0x8f,0x04,0x00,0x07,0x24,
    0x01,0x00,0x02,0xa2,0x00,0x00,0x02,0x3c,0x30,0x27,0x42,0x8c,0x10,0x00,0xa6,0x27,
    0x6c,0x00,0x43,0x8c,0x44,0x00,0x44,0x8c,0x09,0xf8,0x60,0x00,0x03,0x80,0x05,0x3c,
    0x10,0x00,0xa2,0x8f,0x01,0x80,0x11,0x3c,0x2a,0x10,0x02,0x00,0x00,0x00,0x02,0xa2,
    0x14,0x00,0xa2,0xaf,0x00,0x00,0x02,0x3c,0x30,0x27,0x42,0x8c,0x04,0x00,0x07,0x24,
    0x6c,0x00,0x43,0x8c,0x44,0x00,0x44,0x8c,0x14,0x00,0xa6,0x27,0x09,0xf8,0x60,0x00,
    0x05,0x00,0x25,0x26,0x14,0x00,0xa2,0x8f,0x04,0x00,0x07,0x24,0x04,0x00,0x02,0xae,
    0x00,0x00,0x02,0x3c,0x30,0x27,0x42,0x8c,0x14,0x00,0xa6,0x27,0x6c,0x00,0x43,0x8c,
    0x44,0x00,0x44,0x8c,0x03,0x10,0x25,0x26,0x09,0xf8,0x60,0x00,0x08,0x00,0x00,0xae,
    0x14,0x00,0xa2,0x8f,0x04,0x00,0x07,0x24,0x0c,0x00,0x02,0xa6,0x00,0x00,0x02,0x3c,
    0x30,0x27,0x42,0x8c,0x14,0x00,0xa6,0x27,0x6c,0x00,0x43,0x8c,0x44,0x00,0x44,0x8c,
    0x09,0xf8,0x60,0x00,0x02,0x10,0x25,0x26,0x14,0x00,0xa2,0x8f,0x04,0x00,0x07,0x24,
    0x0e,0x00,0x02,0xa6,0x00,0x00,0x02,0x3c,0x30,0x27,0x42,0x8c,0x14,0x00,0xa6,0x27,
    0x6c,0x00,0x43,0x8c,0x44,0x00,0x44,0x8c,0x09,0xf8,0x60,0x00,0x04,0x10,0x25,0x26,
    0x14,0x00,0xa2,0x8f,0x04,0x00,0x07,0x24,0x10,0x00,0x02,0xa6,0x00,0x00,0x02,0x3c,
    0x30,0x27,0x42,0x8c,0x14,0x00,0xa6,0x27,0x6c,0x00,0x43,0x8c,0x44,0x00,0x44,0x8c,
    0x09,0xf8,0x60,0x00,0x05,0x10,0x25,0x26,0x14,0x00,0xa2,0x8f,0x04,0x00,0x07,0x24,
    0x12,0x00,0x02,0xa6,0x00,0x00,0x02,0x3c,0x30,0x27,0x42,0x8c,0x14,0x00,0xa6,0x27,
    0x6c,0x00,0x43,0x8c,0x44,0x00,0x44,0x8c,0x09,0xf8,0x60,0x00,0x05,0x00,0x25,0x36,
    0x14,0x00,0xa2,0x8f,0x04,0x00,0x07,0x24,0x14,0x00,0x02,0xae,0x00,0x00,0x02,0x3c,
    0x30,0x27,0x42,0x8c,0x14,0x00,0xa6,0x27,0x6c,0x00,0x43,0x8c,0x44,0x00,0x44,0x8c,
    0x09,0x10,0x25,0x26,0x09,0xf8,0x60,0x00,0x18,0x00,0x00,0xae,0x14,0x00,0xa2,0x8f,
    0x04,0x00,0x07,0x24,0x1c,0x00,0x02,0xa6,0x00,0x00,0x02,0x3c,0x30,0x27,0x42,0x8c,
    0x14,0x00,0xa6,0x27,0x6c,0x00,0x43,0x8c,0x44,0x00,0x44,0x8c,0x09,0xf8,0x60,0x00,
    0x0c,0x10,0x25,0x26,0x14,0x00,0xa2,0x8f,0x04,0x00,0x07,0x24,0x1e,0x00,0x02,0xa6,
    0x00,0x00,0x02,0x3c,0x30,0x27,0x42,0x8c,0x14,0x00,0xa6,0x27,0x6c,0x00,0x43,0x8c,
    0x44,0x00,0x44,0x8c,0x09,0xf8,0x60,0x00,0x01,0x10,0x25,0x26,0x14,0x00,0xa2,0x8f,
    0x04,0x00,0x07,0x24,0x20,0x00,0x02,0xa6,0x00,0x00,0x02,0x3c,0x30,0x27,0x42,0x8c,
    0x14,0x00,0xa6,0x27,0x6c,0x00,0x43,0x8c,0x44,0x00,0x44,0x8c,0x09,0xf8,0x60,0x00,
    0x0a,0x10,0x25,0x26,0x14,0x00,0xa2,0x8f,0x04,0x00,0x07,0x24,0x22,0x00,0x02,0xa6,
    0x00,0x00,0x02,0x3c,0x30,0x27,0x42,0x8c,0x14,0x00,0xa6,0x27,0x6c,0x00,0x43,0x8c,
    0x44,0x00,0x44,0x8c,0x09,0xf8,0x60,0x00,0x06,0x00,0x25,0x26,0x14,0x00,0xa2,0x8f,
    0x14,0x00,0xa0,0xaf,0xde,0xfe,0x00,0x10,0x24,0x00,0x02,0xa6,0x08,0x00,0xe0,0x03,
    0x25,0x10,0x00,0x00,0x00,0x00,0x03,0x3c,0x30,0x27,0x63,0x8c,0x00,0x00,0x00,0x00,
    0x22,0x00,0x60,0x14,0x00,0x00,0x00,0x00,0xc8,0xff,0xbd,0x27,0x14,0x00,0x85,0x8c,
    0x30,0x00,0xb0,0xaf,0x25,0x80,0x80,0x00,0x34,0x00,0xbf,0xaf,0xca,0x00,0x11,0x04,
    0x10,0x00,0xa4,0x27,0x00,0x00,0x02,0x3c,0x50,0x15,0x42,0x24,0x18,0x00,0xa2,0xaf,
    0x00,0x00,0x02,0x3c,0x94,0x15,0x42,0x24,0x1c,0x00,0xa2,0xaf,0x00,0x00,0x02,0x3c,
    0xc0,0x15,0x42,0x24,0x20,0x00,0xa2,0xaf,0x10,0x00,0xa4,0x27,0x00,0x00,0x02,0x3c,
    0xec,0x15,0x42,0x24,0x8d,0xfa,0x11,0x04,0x24,0x00,0xa2,0xaf,0x03,0x00,0x40,0x04,
    0x00,0x00,0x00,0x00,0x00,0x00,0x01,0x3c,0x30,0x27,0x30,0xac,0x00,0x00,0x02,0x3c,
    0x30,0x27,0x42,0x8c,0x34,0x00,0xbf,0x8f,0x01,0x00,0x42,0x2c,0x30,0x00,0xb0,0x8f,
    0x23,0x10,0x02,0x00,0x08,0x00,0xe0,0x03,0x38,0x00,0xbd,0x27,0x08,0x00,0xe0,0x03,
    0xff,0xff,0x02,0x24,0x00,0x00,0x03,0x3c,0x30,0x27,0x63,0x8c,0x00,0x00,0x00,0x00,
    0x0c,0x00,0x64,0x14,0x00,0x00,0x00,0x00,0xc8,0xff,0xbd,0x27,0x14,0x00,0x65,0x8c,
    0x34,0x00,0xbf,0xaf,0xa4,0x00,0x11,0x04,0x10,0x00,0xa4,0x27,0xbe,0xfa,0x11,0x04,
    0x10,0x00,0xa4,0x27,0x34,0x00,0xbf,0x8f,0x25,0x10,0x00,0x00,0x08,0x00,0xe0,0x03,
    0x38,0x00,0xbd,0x27,0x08,0x00,0xe0,0x03,0xff,0xff,0x02,0x24,0x08,0x00,0xe0,0x03,
    0x25,0x10,0x00,0x00,0x08,0x00,0xe0,0x03,0x00,0x00,0x00,0x00,0x08,0x00,0xa4,0x8c,
    0x42,0xfa,0x00,0x10,0x00,0x00,0x00,0x00,0xe0,0xff,0xbd,0x27,0x10,0x00,0xa4,0x27,
    0x00,0x00,0x01,0x3c,0x18,0x27,0x20,0xac,0x1c,0x00,0xbf,0xaf,0x00,0x00,0x01,0x3c,
    0x1c,0x27,0x20,0xac,0x00,0x00,0x01,0x3c,0x20,0x27,0x20,0xac,0x00,0x00,0x01,0x3c,
    0x24,0x27,0x20,0xac,0x00,0x00,0x01,0x3c,0x28,0x27,0x20,0xac,0x00,0x00,0x01,0x3c,
    0x2c,0x27,0x20,0xac,0x3d,0xfa,0x11,0x04,0x10,0x00,0xa0,0xaf,0x10,0x00,0xa3,0x8f,
    0x25,0x20,0x40,0x00,0x00,0x00,0x01,0x3c,0x28,0x27,0x23,0xac,0x21,0x18,0x62,0x00,
    0x00,0x00,0x01,0x3c,0x2c,0x27,0x23,0xac,0x00,0x00,0x02,0x3c,0x02,0x00,0x80,0x14,
    0x18,0x27,0x42,0x24,0x25,0x10,0x00,0x00,0x1c,0x00,0xbf,0x8f,0x00,0x00,0x00,0x00,
    0x08,0x00,0xe0,0x03,0x20,0x00,0xbd,0x27,0x08,0x00,0xe0,0x03,0x25,0x10,0x00,0x00,
    0x04,0x00,0xa5,0xaf,0x08,0x00,0xa6,0xaf,0x0c,0x00,0xa7,0xaf,0x08,0x00,0xe0,0x03,
    0x25,0x10,0x00,0x00,0xe0,0xff,0xbd,0x27,0x25,0x20,0xa0,0x00,0x00,0x00,0x01,0x3c,
    0x00,0x27,0x20,0xac,0x1c,0x00,0xbf,0xaf,0x00,0x00,0x01,0x3c,0x04,0x27,0x20,0xac,
    0x00,0x00,0x01,0x3c,0x08,0x27,0x20,0xac,0x00,0x00,0x01,0x3c,0x0c,0x27,0x20,0xac,
    0x00,0x00,0x01,0x3c,0x10,0x27,0x20,0xac,0x00,0x00,0x01,0x3c,0x14,0x27,0x20,0xac,
    0xf2,0xf9,0x11,0x04,0x10,0x00,0xa5,0x27,0x10,0x00,0xa3,0x8f,0x00,0x00,0x01,0x3c,
    0x08,0x27,0x22,0xac,0x00,0x00,0x01,0x3c,0x03,0x00,0x40,0x10,0x14,0x27,0x23,0xac,
    0x00,0x00,0x02,0x3c,0x00,0x27,0x42,0x24,0x1c,0x00,0xbf,0x8f,0x00,0x00,0x00,0x00,
    0x08,0x00,0xe0,0x03,0x20,0x00,0xbd,0x27,0x14,0xfa,0x00,0x10,0x00,0x00,0x00,0x00,
    0x00,0x00,0xe0,0x41,0x00,0x00,0x00,0x00,0x02,0x01,0x00,0x00,0x69,0x6e,0x74,0x72,
    0x6d,0x61,0x6e,0x00,0x08,0x00,0xe0,0x03,0x11,0x00,0x00,0x24,0x08,0x00,0xe0,0x03,
    0x12,0x00,0x00,0x24,0x00,0x00,0x00,0x00,0x00,0x00,0x00,0x00,0x00,0x00,0xe0,0x41,
    0x00,0x00,0x00,0x00,0x01,0x01,0x00,0x00,0x6c,0x6f,0x61,0x64,0x63,0x6f,0x72,0x65,
    0x08,0x00,0xe0,0x03,0x06,0x00,0x00,0x24,0x08,0x00,0xe0,0x03,0x07,0x00,0x00,0x24,
    0x00,0x00,0x00,0x00,0x00,0x00,0x00,0x00,0x00,0x00,0xe0,0x41,0x00,0x00,0x00,0x00,
    0x01,0x01,0x00,0x00,0x73,0x69,0x66,0x6d,0x61,0x6e,0x00,0x00,0x08,0x00,0xe0,0x03,
    0x07,0x00,0x00,0x24,0x00,0x00,0x00,0x00,0x00,0x00,0x00,0x00,0x00,0x00,0xe0,0x41,
    0x00,0x00,0x00,0x00,0x01,0x01,0x00,0x00,0x73,0x69,0x66,0x63,0x6d,0x64,0x00,0x00,
    0x08,0x00,0xe0,0x03,0x10,0x00,0x00,0x24,0x08,0x00,0xe0,0x03,0x0f,0x00,0x00,0x24,
    0x08,0x00,0xe0,0x03,0x13,0x00,0x00,0x24,0x08,0x00,0xe0,0x03,0x11,0x00,0x00,0x24,
    0x08,0x00,0xe0,0x03,0x18,0x00,0x00,0x24,0x08,0x00,0xe0,0x03,0x19,0x00,0x00,0x24,
    0x08,0x00,0xe0,0x03,0x16,0x00,0x00,0x24,0x08,0x00,0xe0,0x03,0x0a,0x00,0x00,0x24,
    0x08,0x00,0xe0,0x03,0x0b,0x00,0x00,0x24,0x08,0x00,0xe0,0x03,0x0c,0x00,0x00,0x24,
    0x00,0x00,0x00,0x00,0x00,0x00,0x00,0x00,0x00,0x00,0xe0,0x41,0x00,0x00,0x00,0x00,
    0x02,0x01,0x00,0x00,0x73,0x74,0x64,0x69,0x6f,0x00,0x00,0x00,0x08,0x00,0xe0,0x03,
    0x04,0x00,0x00,0x24,0x00,0x00,0x00,0x00,0x00,0x00,0x00,0x00,0x00,0x00,0xe0,0x41,
    0x00,0x00,0x00,0x00,0x01,0x01,0x00,0x00,0x73,0x79,0x73,0x63,0x6c,0x69,0x62,0x00,
    0x08,0x00,0xe0,0x03,0x0e,0x00,0x00,0x24,0x08,0x00,0xe0,0x03,0x0c,0x00,0x00,0x24,
    0x08,0x00,0xe0,0x03,0x16,0x00,0x00,0x24,0x08,0x00,0xe0,0x03,0x17,0x00,0x00,0x24,
    0x00,0x00,0x00,0x00,0x00,0x00,0x00,0x00,0x00,0x00,0xe0,0x41,0x00,0x00,0x00,0x00,
    0x01,0x01,0x00,0x00,0x73,0x79,0x73,0x6d,0x65,0x6d,0x00,0x00,0x08,0x00,0xe0,0x03,
    0x04,0x00,0x00,0x24,0x08,0x00,0xe0,0x03,0x05,0x00,0x00,0x24,0x00,0x00,0x00,0x00,
    0x00,0x00,0x00,0x00,0x00,0x00,0xe0,0x41,0x00,0x00,0x00,0x00,0x01,0x01,0x00,0x00,
    0x74,0x68,0x62,0x61,0x73,0x65,0x00,0x00,0x08,0x00,0xe0,0x03,0x04,0x00,0x00,0x24,
    0x08,0x00,0xe0,0x03,0x06,0x00,0x00,0x24,0x08,0x00,0xe0,0x03,0x18,0x00,0x00,0x24,
    0x08,0x00,0xe0,0x03,0x19,0x00,0x00,0x24,0x08,0x00,0xe0,0x03,0x0a,0x00,0x00,0x24,
    0x08,0x00,0xe0,0x03,0x05,0x00,0x00,0x24,0x08,0x00,0xe0,0x03,0x14,0x00,0x00,0x24,
    0x08,0x00,0xe0,0x03,0x21,0x00,0x00,0x24,0x08,0x00,0xe0,0x03,0x1a,0x00,0x00,0x24,
    0x08,0x00,0xe0,0x03,0x23,0x00,0x00,0x24,0x08,0x00,0xe0,0x03,0x25,0x00,0x00,0x24,
    0x00,0x00,0x00,0x00,0x00,0x00,0x00,0x00,0x00,0x00,0xe0,0x41,0x00,0x00,0x00,0x00,
    0x01,0x01,0x00,0x00,0x74,0x68,0x65,0x76,0x65,0x6e,0x74,0x00,0x08,0x00,0xe0,0x03,
    0x04,0x00,0x00,0x24,0x08,0x00,0xe0,0x03,0x05,0x00,0x00,0x24,0x08,0x00,0xe0,0x03,
    0x06,0x00,0x00,0x24,0x08,0x00,0xe0,0x03,0x07,0x00,0x00,0x24,0x08,0x00,0xe0,0x03,
    0x08,0x00,0x00,0x24,0x08,0x00,0xe0,0x03,0x0a,0x00,0x00,0x24,0x00,0x00,0x00,0x00,
    0x00,0x00,0x00,0x00,0x00,0x00,0xe0,0x41,0x00,0x00,0x00,0x00,0x02,0x01,0x00,0x00,
    0x74,0x68,0x73,0x65,0x6d,0x61,0x70,0x00,0x08,0x00,0xe0,0x03,0x04,0x00,0x00,0x24,
    0x08,0x00,0xe0,0x03,0x05,0x00,0x00,0x24,0x08,0x00,0xe0,0x03,0x08,0x00,0x00,0x24,
    0x08,0x00,0xe0,0x03,0x06,0x00,0x00,0x24,0x00,0x00,0x00,0x00,0x00,0x00,0x00,0x00,
    0x4e,0x65,0x74,0x4d,0x61,0x6e,0x00,0x00,0x00,0x00,0x00,0x00,0x00,0x00,0x00,0x00,
    0x5c,0x12,0x00,0x00,0x78,0x12,0x00,0x00,0x90,0x12,0x00,0x00,0xbc,0x13,0x00,0x00,
    0xcc,0x13,0x00,0x00,0xf8,0x13,0x00,0x00,0x08,0x14,0x00,0x00,0x1c,0x14,0x00,0x00,
    0xb8,0x16,0x00,0x00,0x90,0x17,0x00,0x00,0xa4,0x17,0x00,0x00,0xb8,0x17,0x00,0x00,
    0xcc,0x17,0x00,0x00,0xe0,0x17,0x00,0x00,0xf4,0x17,0x00,0x00,0x08,0x18,0x00,0x00,
    0x1c,0x18,0x00,0x00,0xb4,0x18,0x00,0x00,0x30,0x18,0x00,0x00,0x00,0x00,0x00,0x00,
    0x4e,0x65,0x74,0x77,0x6f,0x72,0x6b,0x5f,0x4d,0x61,0x6e,0x61,0x67,0x65,0x72,0x00,
    0x4e,0x45,0x54,0x4d,0x41,0x4e,0x20,0x5b,0x49,0x4f,0x50,0x5d,0x3a,0x20,0x55,0x6e,
    0x72,0x65,0x63,0x6f,0x67,0x6e,0x69,0x7a,0x65,0x64,0x20,0x63,0x6f,0x6d,0x6d,0x61,
    0x6e,0x64,0x3a,0x20,0x30,0x78,0x25,0x78,0x0a,0x00,0x00,0x00,0x00,0x00,0x00,0x00,
    0x20,0x20,0x00,0x00,0x01,0x02,0x00,0x00,0x00,0x00,0x00,0x00,0x00,0x00,0x00,0x00,
    0xff,0xff,0xff,0xff,0x00,0x00,0x00,0x00,0x00,0x00,0x00,0x00,0x00,0x00,0x00,0x00,
    0x80,0x11,0x00,0x00,0x78,0x11,0x00,0x00,0x70,0x11,0x00,0x00,0x68,0x11,0x00,0x00,
    0x60,0x11,0x00,0x00,0xe0,0x0f,0x00,0x00,0xc0,0x10,0x00,0x00,0x00,0x00,0x00,0x00,
    0x00,0x00,0x00,0x00,0xff,0xff,0xff,0xff,0x00,0x00,0x00,0x00,0x00,0x00,0x00,0x00,
    0x00,0x2e,0x69,0x6f,0x70,0x6d,0x6f,0x64,0x00,0x2e,0x74,0x65,0x78,0x74,0x00,0x2e,
    0x72,0x65,0x6c,0x2e,0x74,0x65,0x78,0x74,0x00,0x2e,0x72,0x6f,0x64,0x61,0x74,0x61,
    0x00,0x2e,0x72,0x65,0x6c,0x2e,0x72,0x6f,0x64,0x61,0x74,0x61,0x00,0x2e,0x64,0x61,
    0x74,0x61,0x00,0x2e,0x72,0x65,0x6c,0x2e,0x64,0x61,0x74,0x61,0x00,0x2e,0x62,0x73,
    0x73,0x00,0x2e,0x73,0x68,0x73,0x74,0x72,0x74,0x61,0x62,0x00,0x2e,0x73,0x79,0x6d,
    0x74,0x61,0x62,0x00,0x2e,0x73,0x74,0x72,0x74,0x61,0x62,0x00,0x00,0x00,0x00,0x00,
    0x00,0x00,0x00,0x00,0x00,0x00,0x00,0x00,0x00,0x00,0x00,0x00,0x00,0x00,0x00,0x00,
    0x00,0x00,0x00,0x00,0x00,0x00,0x00,0x00,0x00,0x00,0x00,0x00,0x00,0x00,0x00,0x00,
    0x00,0x00,0x00,0x00,0x01,0x00,0x00,0x00,0x80,0x00,0x00,0x70,0x00,0x00,0x00,0x00,
    0x00,0x00,0x00,0x00,0x74,0x00,0x00,0x00,0x1b,0x00,0x00,0x00,0x00,0x00,0x00,0x00,
    0x00,0x00,0x00,0x00,0x04,0x00,0x00,0x00,0x00,0x00,0x00,0x00,0x09,0x00,0x00,0x00,
    0x01,0x00,0x00,0x00,0x06,0x00,0x00,0x00,0x00,0x00,0x00,0x00,0x90,0x00,0x00,0x00,
    0xc0,0x1f,0x00,0x00,0x00,0x00,0x00,0x00,0x00,0x00,0x00,0x00,0x10,0x00,0x00,0x00,
    0x00,0x00,0x00,0x00,0x0f,0x00,0x00,0x00,0x09,0x00,0x00,0x00,0x40,0x00,0x00,0x00,
    0x00,0x00,0x00,0x00,0x7c,0x23,0x00,0x00,0xb0,0x0e,0x00,0x00,0x0a,0x00,0x00,0x00,
    0x02,0x00,0x00,0x00,0x04,0x00,0x00,0x00,0x08,0x00,0x00,0x00,0x19,0x00,0x00,0x00,
    0x01,0x00,0x00,0x00,0x02,0x00,0x00,0x00,0xc0,0x1f,0x00,0x00,0x50,0x20,0x00,0x00,
    0x9a,0x00,0x00,0x00,0x00,0x00,0x00,0x00,0x00,0x00,0x00,0x00,0x10,0x00,0x00,0x00,
    0x00,0x00,0x00,0x00,0x21,0x00,0x00,0x00,0x09,0x00,0x00,0x00,0x40,0x00,0x00,0x00,
    0x00,0x00,0x00,0x00,0x2c,0x32,0x00,0x00,0x98,0x00,0x00,0x00,0x0a,0x00,0x00,0x00,
    0x04,0x00,0x00,0x00,0x04,0x00,0x00,0x00,0x08,0x00,0x00,0x00,0x2d,0x00,0x00,0x00,
    0x01,0x00,0x00,0x00,0x03,0x00,0x00,0x00,0x60,0x20,0x00,0x00,0xf0,0x20,0x00,0x00,
    0x50,0x00,0x00,0x00,0x00,0x00,0x00,0x00,0x00,0x00,0x00,0x00,0x10,0x00,0x00,0x00,
    0x00,0x00,0x00,0x00,0x33,0x00,0x00,0x00,0x09,0x00,0x00,0x00,0x40,0x00,0x00,0x00,
    0x00,0x00,0x00,0x00,0xc4,0x32,0x00,0x00,0x40,0x00,0x00,0x00,0x0a,0x00,0x00,0x00,
    0x06,0x00,0x00,0x00,0x04,0x00,0x00,0x00,0x08,0x00,0x00,0x00,0x3d,0x00,0x00,0x00,
    0x08,0x00,0x00,0x00,0x03,0x00,0x00,0x00,0xb0,0x20,0x00,0x00,0x40,0x21,0x00,0x00,
    0x90,0x06,0x00,0x00,0x00,0x00,0x00,0x00,0x00,0x00,0x00,0x00,0x10,0x00,0x00,0x00,
    0x00,0x00,0x00,0x00,0x42,0x00,0x00,0x00,0x03,0x00,0x00,0x00,0x00,0x00,0x00,0x00,
    0x00,0x00,0x00,0x00,0x40,0x21,0x00,0x00,0x5c,0x00,0x00,0x00,0x00,0x00,0x00,0x00,
    0x00,0x00,0x00,0x00,0x01,0x00,0x00,0x00,0x00,0x00,0x00,0x00,0x4c,0x00,0x00,0x00,
    0x02,0x00,0x00,0x00,0x00,0x00,0x00,0x00,0x00,0x00,0x00,0x00,0x04,0x33,0x00,0x00,
    0x10,0x00,0x00,0x00,0x0b,0x00,0x00,0x00,0x01,0x00,0x00,0x00,0x04,0x00,0x00,0x00,
    0x10,0x00,0x00,0x00,0x54,0x00,0x00,0x00,0x03,0x00,0x00,0x00,0x00,0x00,0x00,0x00,
    0x00,0x00,0x00,0x00,0x14,0x33,0x00,0x00,0x01,0x00,0x00,0x00,0x00,0x00,0x00,0x00,
    0x00,0x00,0x00,0x00,0x01,0x00,0x00,0x00,0x00,0x00,0x00,0x00,0x14,0x00,0x00,0x00,
    0x02,0x00,0x00,0x00,0x18,0x00,0x00,0x00,0x02,0x00,0x00,0x00,0x1c,0x00,0x00,0x00,
    0x02,0x00,0x00,0x00,0x20,0x00,0x00,0x00,0x02,0x00,0x00,0x00,0x24,0x00,0x00,0x00,
    0x02,0x00,0x00,0x00,0x28,0x00,0x00,0x00,0x02,0x00,0x00,0x00,0x2c,0x00,0x00,0x00,
    0x02,0x00,0x00,0x00,0x30,0x00,0x00,0x00,0x02,0x00,0x00,0x00,0x34,0x00,0x00,0x00,
    0x02,0x00,0x00,0x00,0x38,0x00,0x00,0x00,0x02,0x00,0x00,0x00,0x3c,0x00,0x00,0x00,
    0x02,0x00,0x00,0x00,0x40,0x00,0x00,0x00,0x02,0x00,0x00,0x00,0x44,0x00,0x00,0x00,
    0x02,0x00,0x00,0x00,0x48,0x00,0x00,0x00,0x02,0x00,0x00,0x00,0x4c,0x00,0x00,0x00,
    0x02,0x00,0x00,0x00,0x50,0x00,0x00,0x00,0x02,0x00,0x00,0x00,0x54,0x00,0x00,0x00,
    0x02,0x00,0x00,0x00,0x58,0x00,0x00,0x00,0x02,0x00,0x00,0x00,0x5c,0x00,0x00,0x00,
    0x02,0x00,0x00,0x00,0x60,0x00,0x00,0x00,0x02,0x00,0x00,0x00,0x7c,0x00,0x00,0x00,
    0x02,0x00,0x00,0x00,0x80,0x00,0x00,0x00,0x02,0x00,0x00,0x00,0x84,0x00,0x00,0x00,
    0x02,0x00,0x00,0x00,0x88,0x00,0x00,0x00,0x02,0x00,0x00,0x00,0x8c,0x00,0x00,0x00,
    0x02,0x00,0x00,0x00,0x90,0x00,0x00,0x00,0x02,0x00,0x00,0x00,0x94,0x00,0x00,0x00,
    0x02,0x00,0x00,0x00,0x98,0x00,0x00,0x00,0x02,0x00,0x00,0x00,0x9c,0x00,0x00,0x00,
    0x02,0x00,0x00,0x00,0xa0,0x00,0x00,0x00,0x02,0x00,0x00,0x00,0xa4,0x00,0x00,0x00,
    0x02,0x00,0x00,0x00,0xa8,0x00,0x00,0x00,0x02,0x00,0x00,0x00,0xac,0x00,0x00,0x00,
    0x02,0x00,0x00,0x00,0xb0,0x00,0x00,0x00,0x02,0x00,0x00,0x00,0xb4,0x00,0x00,0x00,
    0x02,0x00,0x00,0x00,0xb8,0x00,0x00,0x00,0x02,0x00,0x00,0x00,0xbc,0x00,0x00,0x00,
    0x02,0x00,0x00,0x00,0xc0,0x00,0x00,0x00,0x02,0x00,0x00,0x00,0xc4,0x00,0x00,0x00,
    0x02,0x00,0x00,0x00,0xc8,0x00,0x00,0x00,0x02,0x00,0x00,0x00,0xcc,0x00,0x00,0x00,
    0x02,0x00,0x00,0x00,0xd0,0x00,0x00,0x00,0x02,0x00,0x00,0x00,0xd4,0x00,0x00,0x00,
    0x02,0x00,0x00,0x00,0xd8,0x00,0x00,0x00,0x02,0x00,0x00,0x00,0xf4,0x00,0x00,0x00,
    0x05,0x00,0x00,0x00,0xf8,0x00,0x00,0x00,0x06,0x00,0x00,0x00,0x28,0x01,0x00,0x00,
    0x05,0x00,0x00,0x00,0x30,0x01,0x00,0x00,0x06,0x00,0x00,0x00,0x58,0x01,0x00,0x00,
    0x05,0x00,0x00,0x00,0x60,0x01,0x00,0x00,0x06,0x00,0x00,0x00,0xf0,0x01,0x00,0x00,
    0x05,0x00,0x00,0x00,0xf4,0x01,0x00,0x00,0x06,0x00,0x00,0x00,0x00,0x02,0x00,0x00,
    0x05,0x00,0x00,0x00,0x04,0x02,0x00,0x00,0x06,0x00,0x00,0x00,0x14,0x02,0x00,0x00,
    0x05,0x00,0x00,0x00,0x18,0x02,0x00,0x00,0x06,0x00,0x00,0x00,0x1c,0x02,0x00,0x00,
    0x05,0x00,0x00,0x00,0x24,0x02,0x00,0x00,0x06,0x00,0x00,0x00,0x4c,0x02,0x00,0x00,
    0x05,0x00,0x00,0x00,0x54,0x02,0x00,0x00,0x06,0x00,0x00,0x00,0x58,0x02,0x00,0x00,
    0x05,0x00,0x00,0x00,0x5c,0x02,0x00,0x00,0x06,0x00,0x00,0x00,0x78,0x02,0x00,0x00,
    0x05,0x00,0x00,0x00,0x7c,0x02,0x00,0x00,0x06,0x00,0x00,0x00,0x84,0x02,0x00,0x00,
    0x05,0x00,0x00,0x00,0x88,0x02,0x00,0x00,0x06,0x00,0x00,0x00,0xbc,0x02,0x00,0x00,
    0x05,0x00,0x00,0x00,0xc0,0x02,0x00,0x00,0x06,0x00,0x00,0x00,0xd4,0x02,0x00,0x00,
    0x05,0x00,0x00,0x00,0xdc,0x02,0x00,0x00,0x06,0x00,0x00,0x00,0xf0,0x02,0x00,0x00,
    0x05,0x00,0x00,0x00,0xf4,0x02,0x00,0x00,0x06,0x00,0x00,0x00,0x04,0x03,0x00,0x00,
    0x05,0x00,0x00,0x00,0x08,0x03,0x00,0x00,0x06,0x00,0x00,0x00,0x18,0x03,0x00,0x00,
    0x05,0x00,0x00,0x00,0x1c,0x03,0x00,0x00,0x06,0x00,0x00,0x00,0x2c,0x03,0x00,0x00,
    0x05,0x00,0x00,0x00,0x34,0x03,0x00,0x00,0x06,0x00,0x00,0x00,0x38,0x03,0x00,0x00,
    0x05,0x00,0x00,0x00,0x3c,0x03,0x00,0x00,0x06,0x00,0x00,0x00,0x58,0x03,0x00,0x00,
    0x05,0x00,0x00,0x00,0x5c,0x03,0x00,0x00,0x06,0x00,0x00,0x00,0x70,0x03,0x00,0x00,
    0x05,0x00,0x00,0x00,0x78,0x03,0x00,0x00,0x06,0x00,0x00,0x00,0x7c,0x03,0x00,0x00,
    0x05,0x00,0x00,0x00,0x80,0x03,0x00,0x00,0x06,0x00,0x00,0x00,0xbc,0x03,0x00,0x00,
    0x05,0x00,0x00,0x00,0xc0,0x03,0x00,0x00,0x06,0x00,0x00,0x00,0xdc,0x03,0x00,0x00,
    0x05,0x00,0x00,0x00,0xe0,0x03,0x00,0x00,0x06,0x00,0x00,0x00,0xe4,0x03,0x00,0x00,
    0x05,0x00,0x00,0x00,0xe8,0x03,0x00,0x00,0x06,0x00,0x00,0x00,0xf4,0x03,0x00,0x00,
    0x05,0x00,0x00,0x00,0xf8,0x03,0x00,0x00,0x06,0x00,0x00,0x00,0x28,0x04,0x00,0x00,
    0x05,0x00,0x00,0x00,0x2c,0x04,0x00,0x00,0x06,0x00,0x00,0x00,0x48,0x04,0x00,0x00,
    0x05,0x00,0x00,0x00,0x4c,0x04,0x00,0x00,0x06,0x00,0x00,0x00,0x84,0x04,0x00,0x00,
    0x05,0x00,0x00,0x00,0x88,0x04,0x00,0x00,0x06,0x00,0x00,0x00,0xdc,0x04,0x00,0x00,
    0x05,0x00,0x00,0x00,0xe0,0x04,0x00,0x00,0x06,0x00,0x00,0x00,0xf0,0x04,0x00,0x00,
    0x05,0x00,0x00,0x00,0xf4,0x04,0x00,0x00,0x06,0x00,0x00,0x00,0x0c,0x05,0x00,0x00,
    0x05,0x00,0x00,0x00,0x10,0x05,0x00,0x00,0x06,0x00,0x00,0x00,0x20,0x05,0x00,0x00,
    0x05,0x00,0x00,0x00,0x24,0x05,0x00,0x00,0x06,0x00,0x00,0x00,0x3c,0x05,0x00,0x00,
    0x05,0x00,0x00,0x00,0x40,0x05,0x00,0x00,0x06,0x00,0x00,0x00,0x50,0x05,0x00,0x00,
    0x05,0x00,0x00,0x00,0x54,0x05,0x00,0x00,0x06,0x00,0x00,0x00,0x6c,0x05,0x00,0x00,
    0x05,0x00,0x00,0x00,0x70,0x05,0x00,0x00,0x06,0x00,0x00,0x00,0x80,0x05,0x00,0x00,
    0x05,0x00,0x00,0x00,0x84,0x05,0x00,0x00,0x06,0x00,0x00,0x00,0x9c,0x05,0x00,0x00,
    0x05,0x00,0x00,0x00,0xa0,0x05,0x00,0x00,0x06,0x00,0x00,0x00,0xb0,0x05,0x00,0x00,
    0x05,0x00,0x00,0x00,0xb4,0x05,0x00,0x00,0x06,0x00,0x00,0x00,0xd8,0x05,0x00,0x00,
    0x05,0x00,0x00,0x00,0xdc,0x05,0x00,0x00,0x06,0x00,0x00,0x00,0xe4,0x05,0x00,0x00,
    0x05,0x00,0x00,0x00,0xe8,0x05,0x00,0x00,0x06,0x00,0x00,0x00,0x24,0x06,0x00,0x00,
    0x05,0x00,0x00,0x00,0x28,0x06,0x00,0x00,0x06,0x00,0x00,0x00,0xb4,0x06,0x00,0x00,
    0x05,0x00,0x00,0x00,0xb8,0x06,0x00,0x00,0x06,0x00,0x00,0x00,0xd8,0x06,0x00,0x00,
    0x05,0x00,0x00,0x00,0xdc,0x06,0x00,0x00,0x06,0x00,0x00,0x00,0xe8,0x06,0x00,0x00,
    0x05,0x00,0x00,0x00,0xec,0x06,0x00,0x00,0x06,0x00,0x00,0x00,0x04,0x07,0x00,0x00,
    0x05,0x00,0x00,0x00,0x08,0x07,0x00,0x00,0x06,0x00,0x00,0x00,0x10,0x07,0x00,0x00,
    0x05,0x00,0x00,0x00,0x14,0x07,0x00,0x00,0x06,0x00,0x00,0x00,0x5c,0x07,0x00,0x00,
    0x05,0x00,0x00,0x00,0x60,0x07,0x00,0x00,0x06,0x00,0x00,0x00,0x80,0x07,0x00,0x00,
    0x05,0x00,0x00,0x00,0x84,0x07,0x00,0x00,0x06,0x00,0x00,0x00,0xd8,0x07,0x00,0x00,
    0x05,0x00,0x00,0x00,0xdc,0x07,0x00,0x00,0x06,0x00,0x00,0x00,0x0c,0x08,0x00,0x00,
    0x05,0x00,0x00,0x00,0x10,0x08,0x00,0x00,0x06,0x00,0x00,0x00,0x80,0x08,0x00,0x00,
    0x05,0x00,0x00,0x00,0x84,0x08,0x00,0x00,0x06,0x00,0x00,0x00,0xac,0x08,0x00,0x00,
    0x05,0x00,0x00,0x00,0xb0,0x08,0x00,0x00,0x06,0x00,0x00,0x00,0xb8,0x08,0x00,0x00,
    0x05,0x00,0x00,0x00,0xbc,0x08,0x00,0x00,0x06,0x00,0x00,0x00,0x04,0x09,0x00,0x00,
    0x05,0x00,0x00,0x00,0x08,0x09,0x00,0x00,0x06,0x00,0x00,0x00,0x28,0x09,0x00,0x00,
    0x05,0x00,0x00,0x00,0x2c,0x09,0x00,0x00,0x06,0x00,0x00,0x00,0x34,0x09,0x00,0x00,
    0x05,0x00,0x00,0x00,0x38,0x09,0x00,0x00,0x06,0x00,0x00,0x00,0x68,0x09,0x00,0x00,
    0x05,0x00,0x00,0x00,0x6c,0x09,0x00,0x00,0x06,0x00,0x00,0x00,0x80,0x09,0x00,0x00,
    0x05,0x00,0x00,0x00,0x84,0x09,0x00,0x00,0x06,0x00,0x00,0x00,0xb4,0x09,0x00,0x00,
    0x05,0x00,0x00,0x00,0xb8,0x09,0x00,0x00,0x06,0x00,0x00,0x00,0xe0,0x09,0x00,0x00,
    0x05,0x00,0x00,0x00,0xe4,0x09,0x00,0x00,0x06,0x00,0x00,0x00,0xf8,0x09,0x00,0x00,
    0x05,0x00,0x00,0x00,0xfc,0x09,0x00,0x00,0x06,0x00,0x00,0x00,0x18,0x0a,0x00,0x00,
    0x05,0x00,0x00,0x00,0x1c,0x0a,0x00,0x00,0x06,0x00,0x00,0x00,0x40,0x0a,0x00,0x00,
    0x05,0x00,0x00,0x00,0x44,0x0a,0x00,0x00,0x06,0x00,0x00,0x00,0xa0,0x0a,0x00,0x00,
    0x05,0x00,0x00,0x00,0xa4,0x0a,0x00,0x00,0x06,0x00,0x00,0x00,0xb4,0x0a,0x00,0x00,
    0x05,0x00,0x00,0x00,0xb8,0x0a,0x00,0x00,0x06,0x00,0x00,0x00,0xec,0x0a,0x00,0x00,
    0x05,0x00,0x00,0x00,0xf0,0x0a,0x00,0x00,0x06,0x00,0x00,0x00,0xf4,0x0a,0x00,0x00,
    0x05,0x00,0x00,0x00,0xf8,0x0a,0x00,0x00,0x06,0x00,0x00,0x00,0x3c,0x0b,0x00,0x00,
    0x05,0x00,0x00,0x00,0x40,0x0b,0x00,0x00,0x06,0x00,0x00,0x00,0x84,0x0b,0x00,0x00,
    0x05,0x00,0x00,0x00,0x88,0x0b,0x00,0x00,0x06,0x00,0x00,0x00,0xac,0x0b,0x00,0x00,
    0x05,0x00,0x00,0x00,0xb0,0x0b,0x00,0x00,0x06,0x00,0x00,0x00,0xb4,0x0b,0x00,0x00,
    0x05,0x00,0x00,0x00,0xb8,0x0b,0x00,0x00,0x06,0x00,0x00,0x00,0xd0,0x0b,0x00,0x00,
    0x05,0x00,0x00,0x00,0xd4,0x0b,0x00,0x00,0x06,0x00,0x00,0x00,0xd8,0x0b,0x00,0x00,
    0x05,0x00,0x00,0x00,0xdc,0x0b,0x00,0x00,0x06,0x00,0x00,0x00,0xec,0x0b,0x00,0x00,
    0x05,0x00,0x00,0x00,0xf0,0x0b,0x00,0x00,0x06,0x00,0x00,0x00,0x0c,0x0c,0x00,0x00,
    0x05,0x00,0x00,0x00,0x10,0x0c,0x00,0x00,0x06,0x00,0x00,0x00,0x20,0x0c,0x00,0x00,
    0x05,0x00,0x00,0x00,0x24,0x0c,0x00,0x00,0x06,0x00,0x00,0x00,0x28,0x0c,0x00,0x00,
    0x05,0x00,0x00,0x00,0x2c,0x0c,0x00,0x00,0x06,0x00,0x00,0x00,0x30,0x0c,0x00,0x00,
    0x05,0x00,0x00,0x00,0x34,0x0c,0x00,0x00,0x06,0x00,0x00,0x00,0x50,0x0c,0x00,0x00,
    0x05,0x00,0x00,0x00,0x54,0x0c,0x00,0x00,0x06,0x00,0x00,0x00,0x90,0x0c,0x00,0x00,
    0x05,0x00,0x00,0x00,0x94,0x0c,0x00,0x00,0x06,0x00,0x00,0x00,0xac,0x0c,0x00,0x00,
    0x05,0x00,0x00,0x00,0xb0,0x0c,0x00,0x00,0x06,0x00,0x00,0x00,0xb8,0x0c,0x00,0x00,
    0x05,0x00,0x00,0x00,0xbc,0x0c,0x00,0x00,0x06,0x00,0x00,0x00,0xe4,0x0c,0x00,0x00,
    0x05,0x00,0x00,0x00,0xe8,0x0c,0x00,0x00,0x06,0x00,0x00,0x00,0xec,0x0c,0x00,0x00,
    0x05,0x00,0x00,0x00,0xf0,0x0c,0x00,0x00,0x06,0x00,0x00,0x00,0x0c,0x0d,0x00,0x00,
    0x05,0x00,0x00,0x00,0x10,0x0d,0x00,0x00,0x06,0x00,0x00,0x00,0x3c,0x0d,0x00,0x00,
    0x05,0x00,0x00,0x00,0x40,0x0d,0x00,0x00,0x06,0x00,0x00,0x00,0x58,0x0d,0x00,0x00,
    0x05,0x00,0x00,0x00,0x5c,0x0d,0x00,0x00,0x06,0x00,0x00,0x00,0x60,0x0d,0x00,0x00,
    0x05,0x00,0x00,0x00,0x64,0x0d,0x00,0x00,0x06,0x00,0x00,0x00,0x7c,0x0d,0x00,0x00,
    0x05,0x00,0x00,0x00,0x80,0x0d,0x00,0x00,0x06,0x00,0x00,0x00,0x84,0x0d,0x00,0x00,
    0x05,0x00,0x00,0x00,0x88,0x0d,0x00,0x00,0x06,0x00,0x00,0x00,0xa4,0x0d,0x00,0x00,
    0x05,0x00,0x00,0x00,0xa8,0x0d,0x00,0x00,0x06,0x00,0x00,0x00,0xb8,0x0d,0x00,0x00,
    0x05,0x00,0x00,0x00,0xbc,0x0d,0x00,0x00,0x06,0x00,0x00,0x00,0xd4,0x0d,0x00,0x00,
    0x05,0x00,0x00,0x00,0xd8,0x0d,0x00,0x00,0x06,0x00,0x00,0x00,0x00,0x0e,0x00,0x00,
    0x05,0x00,0x00,0x00,0x04,0x0e,0x00,0x00,0x06,0x00,0x00,0x00,0x08,0x0e,0x00,0x00,
    0x05,0x00,0x00,0x00,0x0c,0x0e,0x00,0x00,0x06,0x00,0x00,0x00,0x14,0x0e,0x00,0x00,
    0x05,0x00,0x00,0x00,0x18,0x0e,0x00,0x00,0x06,0x00,0x00,0x00,0x2c,0x0e,0x00,0x00,
    0x05,0x00,0x00,0x00,0x30,0x0e,0x00,0x00,0x06,0x00,0x00,0x00,0x3c,0x0e,0x00,0x00,
    0x05,0x00,0x00,0x00,0x40,0x0e,0x00,0x00,0x06,0x00,0x00,0x00,0x44,0x0e,0x00,0x00,
    0x05,0x00,0x00,0x00,0x48,0x0e,0x00,0x00,0x06,0x00,0x00,0x00,0x70,0x0e,0x00,0x00,
    0x05,0x00,0x00,0x00,0x74,0x0e,0x00,0x00,0x06,0x00,0x00,0x00,0x80,0x0e,0x00,0x00,
    0x05,0x00,0x00,0x00,0x84,0x0e,0x00,0x00,0x06,0x00,0x00,0x00,0xbc,0x0e,0x00,0x00,
    0x05,0x00,0x00,0x00,0xc0,0x0e,0x00,0x00,0x06,0x00,0x00,0x00,0xd0,0x0e,0x00,0x00,
    0x05,0x00,0x00,0x00,0xd4,0x0e,0x00,0x00,0x06,0x00,0x00,0x00,0xf0,0x0e,0x00,0x00,
    0x05,0x00,0x00,0x00,0xf4,0x0e,0x00,0x00,0x06,0x00,0x00,0x00,0xf8,0x0e,0x00,0x00,
    0x05,0x00,0x00,0x00,0xfc,0x0e,0x00,0x00,0x06,0x00,0x00,0x00,0x00,0x0f,0x00,0x00,
    0x05,0x00,0x00,0x00,0x04,0x0f,0x00,0x00,0x06,0x00,0x00,0x00,0x10,0x0f,0x00,0x00,
    0x05,0x00,0x00,0x00,0x14,0x0f,0x00,0x00,0x06,0x00,0x00,0x00,0x2c,0x0f,0x00,0x00,
    0x05,0x00,0x00,0x00,0x30,0x0f,0x00,0x00,0x06,0x00,0x00,0x00,0x70,0x0f,0x00,0x00,
    0x05,0x00,0x00,0x00,0x74,0x0f,0x00,0x00,0x06,0x00,0x00,0x00,0x80,0x0f,0x00,0x00,
    0x05,0x00,0x00,0x00,0x84,0x0f,0x00,0x00,0x06,0x00,0x00,0x00,0xb0,0x0f,0x00,0x00,
    0x05,0x00,0x00,0x00,0xb4,0x0f,0x00,0x00,0x06,0x00,0x00,0x00,0xe0,0x0f,0x00,0x00,
    0x05,0x00,0x00,0x00,0xe4,0x0f,0x00,0x00,0x06,0x00,0x00,0x00,0xe8,0x0f,0x00,0x00,
    0x05,0x00,0x00,0x00,0xec,0x0f,0x00,0x00,0x06,0x00,0x00,0x00,0x0c,0x10,0x00,0x00,
    0x05,0x00,0x00,0x00,0x10,0x10,0x00,0x00,0x06,0x00,0x00,0x00,0x30,0x10,0x00,0x00,
    0x05,0x00,0x00,0x00,0x34,0x10,0x00,0x00,0x06,0x00,0x00,0x00,0x38,0x10,0x00,0x00,
    0x05,0x00,0x00,0x00,0x3c,0x10,0x00,0x00,0x06,0x00,0x00,0x00,0x44,0x10,0x00,0x00,
    0x05,0x00,0x00,0x00,0x48,0x10,0x00,0x00,0x06,0x00,0x00,0x00,0x64,0x10,0x00,0x00,
    0x05,0x00,0x00,0x00,0x68,0x10,0x00,0x00,0x06,0x00,0x00,0x00,0x6c,0x10,0x00,0x00,
    0x05,0x00,0x00,0x00,0x70,0x10,0x00,0x00,0x06,0x00,0x00,0x00,0x74,0x10,0x00,0x00,
    0x05,0x00,0x00,0x00,0x78,0x10,0x00,0x00,0x06,0x00,0x00,0x00,0x9c,0x10,0x00,0x00,
    0x05,0x00,0x00,0x00,0xa0,0x10,0x00,0x00,0x06,0x00,0x00,0x00,0xc0,0x10,0x00,0x00,
    0x05,0x00,0x00,0x00,0xc4,0x10,0x00,0x00,0x06,0x00,0x00,0x00,0xc8,0x10,0x00,0x00,
    0x05,0x00,0x00,0x00,0xcc,0x10,0x00,0x00,0x06,0x00,0x00,0x00,0xe8,0x10,0x00,0x00,
    0x05,0x00,0x00,0x00,0xec,0x10,0x00,0x00,0x06,0x00,0x00,0x00,0xf4,0x10,0x00,0x00,
    0x05,0x00,0x00,0x00,0xf8,0x10,0x00,0x00,0x06,0x00,0x00,0x00,0x38,0x11,0x00,0x00,
    0x05,0x00,0x00,0x00,0x3c,0x11,0x00,0x00,0x06,0x00,0x00,0x00,0x50,0x11,0x00,0x00,
    0x05,0x00,0x00,0x00,0x54,0x11,0x00,0x00,0x06,0x00,0x00,0x00,0x88,0x11,0x00,0x00,
    0x05,0x00,0x00,0x00,0x8c,0x11,0x00,0x00,0x06,0x00,0x00,0x00,0xa0,0x11,0x00,0x00,
    0x05,0x00,0x00,0x00,0xa4,0x11,0x00,0x00,0x06,0x00,0x00,0x00,0xb4,0x11,0x00,0x00,
    0x05,0x00,0x00,0x00,0xb8,0x11,0x00,0x00,0x06,0x00,0x00,0x00,0xd0,0x11,0x00,0x00,
    0x05,0x00,0x00,0x00,0xd4,0x11,0x00,0x00,0x06,0x00,0x00,0x00,0xd8,0x11,0x00,0x00,
    0x05,0x00,0x00,0x00,0xdc,0x11,0x00,0x00,0x06,0x00,0x00,0x00,0xf4,0x11,0x00,0x00,
    0x05,0x00,0x00,0x00,0xf8,0x11,0x00,0x00,0x06,0x00,0x00,0x00,0x04,0x12,0x00,0x00,
    0x05,0x00,0x00,0x00,0x08,0x12,0x00,0x00,0x06,0x00,0x00,0x00,0x40,0x12,0x00,0x00,
    0x05,0x00,0x00,0x00,0x44,0x12,0x00,0x00,0x06,0x00,0x00,0x00,0x64,0x12,0x00,0x00,
    0x05,0x00,0x00,0x00,0x68,0x12,0x00,0x00,0x06,0x00,0x00,0x00,0x6c,0x12,0x00,0x00,
    0x05,0x00,0x00,0x00,0x74,0x12,0x00,0x00,0x06,0x00,0x00,0x00,0x90,0x12,0x00,0x00,
    0x05,0x00,0x00,0x00,0x94,0x12,0x00,0x00,0x06,0x00,0x00,0x00,0xb0,0x12,0x00,0x00,
    0x05,0x00,0x00,0x00,0xb4,0x12,0x00,0x00,0x06,0x00,0x00,0x00,0xb8,0x12,0x00,0x00,
    0x05,0x00,0x00,0x00,0xbc,0x12,0x00,0x00,0x06,0x00,0x00,0x00,0xd8,0x12,0x00,0x00,
    0x05,0x00,0x00,0x00,0xdc,0x12,0x00,0x00,0x06,0x00,0x00,0x00,0xe0,0x12,0x00,0x00,
    0x05,0x00,0x00,0x00,0xe4,0x12,0x00,0x00,0x06,0x00,0x00,0x00,0x00,0x13,0x00,0x00,
    0x05,0x00,0x00,0x00,0x04,0x13,0x00,0x00,0x06,0x00,0x00,0x00,0x24,0x13,0x00,0x00,
    0x05,0x00,0x00,0x00,0x28,0x13,0x00,0x00,0x06,0x00,0x00,0x00,0x2c,0x13,0x00,0x00,
    0x05,0x00,0x00,0x00,0x30,0x13,0x00,0x00,0x06,0x00,0x00,0x00,0x34,0x13,0x00,0x00,
    0x05,0x00,0x00,0x00,0x3c,0x13,0x00,0x00,0x06,0x00,0x00,0x00,0x40,0x13,0x00,0x00,
    0x05,0x00,0x00,0x00,0x44,0x13,0x00,0x00,0x06,0x00,0x00,0x00,0x54,0x13,0x00,0x00,
    0x05,0x00,0x00,0x00,0x58,0x13,0x00,0x00,0x06,0x00,0x00,0x00,0x68,0x13,0x00,0x00,
    0x05,0x00,0x00,0x00,0x6c,0x13,0x00,0x00,0x06,0x00,0x00,0x00,0x70,0x13,0x00,0x00,
    0x05,0x00,0x00,0x00,0x74,0x13,0x00,0x00,0x06,0x00,0x00,0x00,0x78,0x13,0x00,0x00,
    0x05,0x00,0x00,0x00,0x7c,0x13,0x00,0x00,0x06,0x00,0x00,0x00,0x80,0x13,0x00,0x00,
    0x05,0x00,0x00,0x00,0x84,0x13,0x00,0x00,0x06,0x00,0x00,0x00,0x88,0x13,0x00,0x00,
    0x05,0x00,0x00,0x00,0x8c,0x13,0x00,0x00,0x06,0x00,0x00,0x00,0x90,0x13,0x00,0x00,
    0x05,0x00,0x00,0x00,0x94,0x13,0x00,0x00,0x06,0x00,0x00,0x00,0xac,0x13,0x00,0x00,
    0x05,0x00,0x00,0x00,0xb0,0x13,0x00,0x00,0x06,0x00,0x00,0x00,0xd0,0x13,0x00,0x00,
    0x05,0x00,0x00,0x00,0xd4,0x13,0x00,0x00,0x06,0x00,0x00,0x00,0xec,0x13,0x00,0x00,
    0x05,0x00,0x00,0x00,0xf4,0x13,0x00,0x00,0x06,0x00,0x00,0x00,0x08,0x14,0x00,0x00,
    0x05,0x00,0x00,0x00,0x10,0x14,0x00,0x00,0x06,0x00,0x00,0x00,0x34,0x14,0x00,0x00,
    0x05,0x00,0x00,0x00,0x3c,0x14,0x00,0x00,0x06,0x00,0x00,0x00,0x48,0x14,0x00,0x00,
    0x05,0x00,0x00,0x00,0x4c,0x14,0x00,0x00,0x06,0x00,0x00,0x00,0x68,0x14,0x00,0x00,
    0x05,0x00,0x00,0x00,0x6c,0x14,0x00,0x00,0x06,0x00,0x00,0x00,0x98,0x14,0x00,0x00,
    0x05,0x00,0x00,0x00,0x9c,0x14,0x00,0x00,0x06,0x00,0x00,0x00,0xb0,0x14,0x00,0x00,
    0x05,0x00,0x00,0x00,0xb4,0x14,0x00,0x00,0x06,0x00,0x00,0x00,0xcc,0x14,0x00,0x00,
    0x05,0x00,0x00,0x00,0xd0,0x14,0x00,0x00,0x06,0x00,0x00,0x00,0xe4,0x14,0x00,0x00,
    0x05,0x00,0x00,0x00,0xe8,0x14,0x00,0x00,0x06,0x00,0x00,0x00,0xec,0x14,0x00,0x00,
    0x05,0x00,0x00,0x00,0xf0,0x14,0x00,0x00,0x06,0x00,0x00,0x00,0x00,0x15,0x00,0x00,
    0x05,0x00,0x00,0x00,0x08,0x15,0x00,0x00,0x06,0x00,0x00,0x00,0x0c,0x15,0x00,0x00,
    0x05,0x00,0x00,0x00,0x10,0x15,0x00,0x00,0x06,0x00,0x00,0x00,0x1c,0x15,0x00,0x00,
    0x05,0x00,0x00,0x00,0x20,0x15,0x00,0x00,0x06,0x00,0x00,0x00,0x30,0x15,0x00,0x00,
    0x05,0x00,0x00,0x00,0x34,0x15,0x00,0x00,0x06,0x00,0x00,0x00,0x50,0x15,0x00,0x00,
    0x05,0x00,0x00,0x00,0x54,0x15,0x00,0x00,0x06,0x00,0x00,0x00,0x94,0x15,0x00,0x00,
    0x05,0x00,0x00,0x00,0x98,0x15,0x00,0x00,0x06,0x00,0x00,0x00,0xc0,0x15,0x00,0x00,
    0x05,0x00,0x00,0x00,0xc4,0x15,0x00,0x00,0x06,0x00,0x00,0x00,0xec,0x15,0x00,0x00,
    0x05,0x00,0x00,0x00,0xf0,0x15,0x00,0x00,0x06,0x00,0x00,0x00,0x3c,0x16,0x00,0x00,
    0x05,0x00,0x00,0x00,0x40,0x16,0x00,0x00,0x06,0x00,0x00,0x00,0x34,0x19,0x00,0x00,
    0x05,0x00,0x00,0x00,0x38,0x19,0x00,0x00,0x06,0x00,0x00,0x00,0x64,0x19,0x00,0x00,
    0x05,0x00,0x00,0x00,0x68,0x19,0x00,0x00,0x06,0x00,0x00,0x00,0x90,0x19,0x00,0x00,
    0x05,0x00,0x00,0x00,0x94,0x19,0x00,0x00,0x06,0x00,0x00,0x00,0xbc,0x19,0x00,0x00,
    0x05,0x00,0x00,0x00,0xc0,0x19,0x00,0x00,0x06,0x00,0x00,0x00,0xe4,0x19,0x00,0x00,
    0x05,0x00,0x00,0x00,0xe8,0x19,0x00,0x00,0x06,0x00,0x00,0x00,0x0c,0x1a,0x00,0x00,
    0x05,0x00,0x00,0x00,0x10,0x1a,0x00,0x00,0x06,0x00,0x00,0x00,0x34,0x1a,0x00,0x00,
    0x05,0x00,0x00,0x00,0x38,0x1a,0x00,0x00,0x06,0x00,0x00,0x00,0x5c,0x1a,0x00,0x00,
    0x05,0x00,0x00,0x00,0x60,0x1a,0x00,0x00,0x06,0x00,0x00,0x00,0x88,0x1a,0x00,0x00,
    0x05,0x00,0x00,0x00,0x8c,0x1a,0x00,0x00,0x06,0x00,0x00,0x00,0xb0,0x1a,0x00,0x00,
    0x05,0x00,0x00,0x00,0xb4,0x1a,0x00,0x00,0x06,0x00,0x00,0x00,0xd8,0x1a,0x00,0x00,
    0x05,0x00,0x00,0x00,0xdc,0x1a,0x00,0x00,0x06,0x00,0x00,0x00,0x00,0x1b,0x00,0x00,
    0x05,0x00,0x00,0x00,0x04,0x1b,0x00,0x00,0x06,0x00,0x00,0x00,0x34,0x1b,0x00,0x00,
    0x05,0x00,0x00,0x00,0x38,0x1b,0x00,0x00,0x06,0x00,0x00,0x00,0x64,0x1b,0x00,0x00,
    0x05,0x00,0x00,0x00,0x68,0x1b,0x00,0x00,0x06,0x00,0x00,0x00,0x70,0x1b,0x00,0x00,
    0x05,0x00,0x00,0x00,0x74,0x1b,0x00,0x00,0x06,0x00,0x00,0x00,0x7c,0x1b,0x00,0x00,
    0x05,0x00,0x00,0x00,0x80,0x1b,0x00,0x00,0x06,0x00,0x00,0x00,0x8c,0x1b,0x00,0x00,
    0x05,0x00,0x00,0x00,0x90,0x1b,0x00,0x00,0x06,0x00,0x00,0x00,0xa4,0x1b,0x00,0x00,
    0x05,0x00,0x00,0x00,0xa8,0x1b,0x00,0x00,0x06,0x00,0x00,0x00,0xac,0x1b,0x00,0x00,
    0x05,0x00,0x00,0x00,0xb0,0x1b,0x00,0x00,0x06,0x00,0x00,0x00,0xd4,0x1b,0x00,0x00,
    0x05,0x00,0x00,0x00,0xd8,0x1b,0x00,0x00,0x06,0x00,0x00,0x00,0x40,0x1c,0x00,0x00,
    0x05,0x00,0x00,0x00,0x44,0x1c,0x00,0x00,0x06,0x00,0x00,0x00,0x4c,0x1c,0x00,0x00,
    0x05,0x00,0x00,0x00,0x50,0x1c,0x00,0x00,0x06,0x00,0x00,0x00,0x54,0x1c,0x00,0x00,
    0x05,0x00,0x00,0x00,0x58,0x1c,0x00,0x00,0x06,0x00,0x00,0x00,0x5c,0x1c,0x00,0x00,
    0x05,0x00,0x00,0x00,0x60,0x1c,0x00,0x00,0x06,0x00,0x00,0x00,0x64,0x1c,0x00,0x00,
    0x05,0x00,0x00,0x00,0x68,0x1c,0x00,0x00,0x06,0x00,0x00,0x00,0x6c,0x1c,0x00,0x00,
    0x05,0x00,0x00,0x00,0x70,0x1c,0x00,0x00,0x06,0x00,0x00,0x00,0x84,0x1c,0x00,0x00,
    0x05,0x00,0x00,0x00,0x88,0x1c,0x00,0x00,0x06,0x00,0x00,0x00,0x90,0x1c,0x00,0x00,
    0x05,0x00,0x00,0x00,0x94,0x1c,0x00,0x00,0x06,0x00,0x00,0x00,0x98,0x1c,0x00,0x00,
    0x05,0x00,0x00,0x00,0xa0,0x1c,0x00,0x00,0x06,0x00,0x00,0x00,0xdc,0x1c,0x00,0x00,
    0x05,0x00,0x00,0x00,0xe0,0x1c,0x00,0x00,0x06,0x00,0x00,0x00,0xe8,0x1c,0x00,0x00,
    0x05,0x00,0x00,0x00,0xec,0x1c,0x00,0x00,0x06,0x00,0x00,0x00,0xf0,0x1c,0x00,0x00,
    0x05,0x00,0x00,0x00,0xf4,0x1c,0x00,0x00,0x06,0x00,0x00,0x00,0xf8,0x1c,0x00,0x00,
    0x05,0x00,0x00,0x00,0xfc,0x1c,0x00,0x00,0x06,0x00,0x00,0x00,0x00,0x1d,0x00,0x00,
    0x05,0x00,0x00,0x00,0x04,0x1d,0x00,0x00,0x06,0x00,0x00,0x00,0x08,0x1d,0x00,0x00,
    0x05,0x00,0x00,0x00,0x0c,0x1d,0x00,0x00,0x06,0x00,0x00,0x00,0x1c,0x1d,0x00,0x00,
    0x05,0x00,0x00,0x00,0x20,0x1d,0x00,0x00,0x06,0x00,0x00,0x00,0x24,0x1d,0x00,0x00,
    0x05,0x00,0x00,0x00,0x2c,0x1d,0x00,0x00,0x06,0x00,0x00,0x00,0x30,0x1d,0x00,0x00,
    0x05,0x00,0x00,0x00,0x34,0x1d,0x00,0x00,0x06,0x00,0x00,0x00,0xd0,0x1f,0x00,0x00,
    0x02,0x00,0x00,0x00,0xd4,0x1f,0x00,0x00,0x02,0x00,0x00,0x00,0xd8,0x1f,0x00,0x00,
    0x02,0x00,0x00,0x00,0xdc,0x1f,0x00,0x00,0x02,0x00,0x00,0x00,0xe0,0x1f,0x00,0x00,
    0x02,0x00,0x00,0x00,0xe4,0x1f,0x00,0x00,0x02,0x00,0x00,0x00,0xe8,0x1f,0x00,0x00,
    0x02,0x00,0x00,0x00,0xec,0x1f,0x00,0x00,0x02,0x00,0x00,0x00,0xf0,0x1f,0x00,0x00,
    0x02,0x00,0x00,0x00,0xf4,0x1f,0x00,0x00,0x02,0x00,0x00,0x00,0xf8,0x1f,0x00,0x00,
    0x02,0x00,0x00,0x00,0xfc,0x1f,0x00,0x00,0x02,0x00,0x00,0x00,0x00,0x20,0x00,0x00,
    0x02,0x00,0x00,0x00,0x04,0x20,0x00,0x00,0x02,0x00,0x00,0x00,0x08,0x20,0x00,0x00,
    0x02,0x00,0x00,0x00,0x0c,0x20,0x00,0x00,0x02,0x00,0x00,0x00,0x10,0x20,0x00,0x00,
    0x02,0x00,0x00,0x00,0x14,0x20,0x00,0x00,0x02,0x00,0x00,0x00,0x18,0x20,0x00,0x00,
    0x02,0x00,0x00,0x00,0x60,0x20,0x00,0x00,0x02,0x00,0x00,0x00,0x80,0x20,0x00,0x00,
    0x02,0x00,0x00,0x00,0x84,0x20,0x00,0x00,0x02,0x00,0x00,0x00,0x88,0x20,0x00,0x00,
    0x02,0x00,0x00,0x00,0x8c,0x20,0x00,0x00,0x02,0x00,0x00,0x00,0x90,0x20,0x00,0x00,
    0x02,0x00,0x00,0x00,0x94,0x20,0x00,0x00,0x02,0x00,0x00,0x00,0x98,0x20,0x00,0x00,
    0x02,0x00,0x00,0x00,0x00,0x00,0x00,0x00,0x00,0x00,0x00,0x00,0x00,0x00,0x00,0x00,
    0x00,0x00,0x00,0x00,0x00,
};
static const unsigned int netman_irx_size = 13077;

static const unsigned char smap_irx[] = {
    0x7f,0x45,0x4c,0x46,0x01,0x01,0x01,0x00,0x00,0x00,0x00,0x00,0x00,0x00,0x00,0x00,
    0x80,0xff,0x08,0x00,0x01,0x00,0x00,0x00,0x60,0x00,0x00,0x00,0x34,0x00,0x00,0x00,
    0x5c,0x2f,0x00,0x00,0x01,0x10,0x00,0x00,0x34,0x00,0x20,0x00,0x02,0x00,0x28,0x00,
    0x0c,0x00,0x09,0x00,0x80,0x00,0x00,0x70,0x74,0x00,0x00,0x00,0x00,0x00,0x00,0x00,
    0x00,0x00,0x00,0x00,0x1b,0x00,0x00,0x00,0x00,0x00,0x00,0x00,0x04,0x00,0x00,0x00,
    0x04,0x00,0x00,0x00,0x01,0x00,0x00,0x00,0x90,0x00,0x00,0x00,0x00,0x00,0x00,0x00,
    0x00,0x00,0x00,0x00,0x70,0x2e,0x00,0x00,0xe0,0x2e,0x00,0x00,0x07,0x00,0x00,0x00,
    0x10,0x00,0x00,0x00,0x30,0x2e,0x00,0x00,0x60,0x00,0x00,0x00,0x60,0xae,0x00,0x00,
    0x80,0x28,0x00,0x00,0xf0,0x05,0x00,0x00,0x70,0x00,0x00,0x00,0x1a,0x02,0x00,0x00,
    0x00,0x00,0xc0,0x41,0x00,0x00,0x00,0x00,0x01,0x01,0x00,0x00,0x73,0x6d,0x61,0x70,
    0x00,0x00,0x00,0x00,0x54,0x00,0x00,0x00,0x54,0x00,0x00,0x00,0x54,0x00,0x00,0x00,
    0x54,0x00,0x00,0x00,0x00,0x00,0x00,0x00,0x00,0x00,0xc0,0x41,0x00,0x00,0x00,0x00,
    0x01,0x01,0x00,0x00,0x73,0x6d,0x61,0x70,0x6d,0x6f,0x64,0x75,0x54,0x00,0x00,0x00,
    0x54,0x00,0x00,0x00,0x54,0x00,0x00,0x00,0x54,0x00,0x00,0x00,0xec,0x16,0x00,0x00,
    0x00,0x00,0x00,0x00,0x08,0x00,0xe0,0x03,0x00,0x00,0x00,0x00,0x00,0x00,0x00,0x00,
    0xe8,0xff,0xbd,0x27,0x18,0x00,0xa4,0xaf,0x00,0x00,0x04,0x3c,0x00,0x00,0x84,0x24,
    0x14,0x00,0xbf,0xaf,0x10,0x00,0xb0,0xaf,0xbe,0x09,0x11,0x04,0x1c,0x00,0xa5,0xaf,
    0x0a,0x00,0x40,0x10,0x00,0x00,0x00,0x00,0x00,0x00,0x04,0x3c,0xe0,0x28,0x84,0x24,
    0x8f,0x09,0x11,0x04,0x01,0x00,0x10,0x24,0x14,0x00,0xbf,0x8f,0x25,0x10,0x00,0x02,
    0x10,0x00,0xb0,0x8f,0x08,0x00,0xe0,0x03,0x18,0x00,0xbd,0x27,0x00,0x00,0x04,0x3c,
    0xb0,0x09,0x11,0x04,0x28,0x00,0x84,0x24,0xf3,0xff,0x40,0x14,0x25,0x80,0x40,0x00,
    0x75,0x05,0x11,0x04,0x00,0x00,0x00,0x00,0x1c,0x00,0xa5,0x8f,0x18,0x00,0xa4,0x8f,
    0x89,0x05,0x11,0x04,0x00,0x00,0x00,0x00,0xef,0xff,0x41,0x04,0x00,0x00,0x00,0x00,
    0x00,0x00,0x04,0x3c,0x00,0x29,0x84,0x24,0x79,0x09,0x11,0x04,0x25,0x28,0x40,0x00,
    0x00,0x00,0x04,0x3c,0x00,0x00,0x84,0x24,0xa0,0x09,0x11,0x04,0x01,0x00,0x10,0x24,
    0xe5,0xff,0x00,0x10,0x00,0x00,0x00,0x00,0x00,0x00,0x00,0x00,0x00,0x00,0x00,0x00,
    0x00,0x00,0x02,0x3c,0x70,0x2e,0x42,0x8c,0x05,0x00,0xa0,0x10,0x03,0x24,0x04,0x00,
    0x02,0x00,0x03,0x24,0x08,0x0f,0x44,0xa4,0x08,0x00,0xe0,0x03,0x00,0x0f,0x43,0xa0,
    0x02,0x00,0x03,0x24,0x38,0x0f,0x44,0xa4,0x08,0x00,0xe0,0x03,0x30,0x0f,0x43,0xa0,
    0x00,0x00,0x03,0x3c,0x70,0x2e,0x63,0x8c,0x08,0x00,0xa0,0x10,0x00,0x00,0x00,0x00,
    0x00,0x0f,0x62,0x90,0x00,0x00,0x00,0x00,0x02,0x00,0x42,0x30,0xfc,0xff,0x40,0x14,
    0x00,0x00,0x00,0x00,0x08,0x00,0xe0,0x03,0x00,0x00,0x00,0x00,0x30,0x0f,0x62,0x90,
    0x00,0x00,0x00,0x00,0x02,0x00,0x42,0x30,0xfc,0xff,0x40,0x14,0x00,0x00,0x00,0x00,
    0x08,0x00,0xe0,0x03,0x00,0x00,0x00,0x00,0x00,0x00,0x03,0x3c,0x70,0x2e,0x63,0x24,
    0x1d,0x00,0x64,0x90,0x00,0x00,0x00,0x00,0x1b,0x00,0x80,0x10,0xff,0xff,0x02,0x24,
    0x20,0x00,0x64,0x90,0x00,0x00,0x00,0x00,0x17,0x00,0x80,0x10,0x00,0x00,0x00,0x00,
    0x21,0x00,0x63,0x90,0x00,0x00,0x00,0x00,0x08,0x00,0x64,0x30,0x02,0x00,0x80,0x14,
    0x04,0x00,0x02,0x24,0xff,0xff,0x02,0x24,0x04,0x00,0x64,0x30,0x02,0x00,0x80,0x10,
    0x00,0x00,0x00,0x00,0x03,0x00,0x02,0x24,0x02,0x00,0x64,0x30,0x02,0x00,0x80,0x10,
    0x00,0x00,0x00,0x00,0x02,0x00,0x02,0x24,0x01,0x00,0x64,0x30,0x02,0x00,0x80,0x10,
    0x00,0x00,0x00,0x00,0x01,0x00,0x02,0x24,0x40,0x00,0x63,0x30,0x02,0x00,0x60,0x14,
    0x00,0x00,0x00,0x00,0x40,0x00,0x42,0x34,0x08,0x00,0xe0,0x03,0x00,0x00,0x00,0x00,
    0x08,0x00,0xe0,0x03,0x00,0x00,0x00,0x00,0x14,0x00,0x84,0x8c,0xe8,0xff,0xbd,0x27,
    0x14,0x00,0xbf,0xaf,0x7b,0x09,0x11,0x04,0x04,0x00,0x05,0x24,0x14,0x00,0xbf,0x8f,
    0x25,0x10,0x00,0x00,0x08,0x00,0xe0,0x03,0x18,0x00,0xbd,0x27,0xe8,0xff,0xbd,0x27,
    0x10,0x00,0xb0,0xaf,0x25,0x80,0x80,0x00,0x14,0x00,0x84,0x8c,0x14,0x00,0xbf,0xaf,
    0x70,0x09,0x11,0x04,0x10,0x00,0x05,0x24,0x14,0x00,0xbf,0x8f,0x24,0x00,0x02,0x8e,
    0x10,0x00,0xb0,0x8f,0x08,0x00,0xe0,0x03,0x18,0x00,0xbd,0x27,0xd0,0xff,0xbd,0x27,
    0x28,0x00,0xb3,0xaf,0x00,0x00,0x13,0x3c,0x74,0x2e,0x73,0x8e,0x1c,0x00,0xb0,0xaf,
    0x25,0x80,0x80,0x00,0x10,0x00,0xa4,0x27,0x2c,0x00,0xbf,0xaf,0x24,0x00,0xb2,0xaf,
    0x2b,0x09,0x11,0x04,0x20,0x00,0xb1,0xaf,0x1c,0x00,0x72,0x8e,0x1c,0x00,0x62,0x8e,
    0x02,0x94,0x12,0x00,0x00,0x14,0x02,0x00,0x20,0x00,0x71,0x8e,0x25,0x90,0x42,0x02,
    0x20,0x00,0x62,0x8e,0x10,0x00,0xa4,0x8f,0x00,0x14,0x02,0x00,0x02,0x8c,0x11,0x00,
    0x21,0x09,0x11,0x04,0x25,0x88,0x22,0x02,0x02,0x12,0x12,0x00,0x00,0x00,0x02,0xa2,
    0x02,0x16,0x11,0x00,0x02,0x00,0x02,0xa2,0x02,0x14,0x11,0x00,0x03,0x00,0x02,0xa2,
    0x02,0x12,0x11,0x00,0x04,0x00,0x02,0xa2,0x01,0x00,0x12,0xa2,0x05,0x00,0x11,0xa2,
    0x2c,0x00,0xbf,0x8f,0x28,0x00,0xb3,0x8f,0x24,0x00,0xb2,0x8f,0x20,0x00,0xb1,0x8f,
    0x1c,0x00,0xb0,0x8f,0x25,0x10,0x00,0x00,0x08,0x00,0xe0,0x03,0x30,0x00,0xbd,0x27,
    0x20,0x10,0xa2,0x34,0x00,0x14,0x02,0x00,0x02,0x2c,0x05,0x00,0xe0,0xff,0xbd,0x27,
    0x21,0x10,0x45,0x00,0x18,0x00,0xb1,0xaf,0x14,0x00,0xb0,0xaf,0x1c,0x00,0xbf,0xaf,
    0x5c,0x00,0x82,0xac,0x5c,0x00,0x82,0x8c,0x5c,0x00,0x82,0x8c,0x25,0x80,0x80,0x00,
    0x64,0x00,0x11,0x24,0x5c,0x00,0x02,0x8e,0x5c,0x00,0x03,0x8e,0x12,0x00,0x41,0x04,
    0xe8,0x03,0x04,0x24,0x5c,0x00,0x02,0x8e,0x5c,0x00,0x03,0x8e,0x0e,0x00,0x41,0x04,
    0x00,0x00,0x00,0x00,0x5c,0x00,0x03,0x8e,0x5c,0x00,0x02,0x8e,0x02,0x1c,0x03,0x00,
    0x00,0x14,0x02,0x00,0x25,0x10,0x62,0x00,0x00,0x80,0x63,0x30,0x06,0x00,0x60,0x10,
    0x02,0x14,0x02,0x00,0x1c,0x00,0xbf,0x8f,0x18,0x00,0xb1,0x8f,0x14,0x00,0xb0,0x8f,
    0x08,0x00,0xe0,0x03,0x20,0x00,0xbd,0x27,0xba,0x08,0x11,0x04,0xff,0xff,0x31,0x26,
    0xe8,0xff,0x20,0x16,0x00,0x00,0x00,0x00,0x00,0x00,0x05,0x3c,0x30,0x29,0xa5,0x24,
    0x00,0x00,0x04,0x3c,0x40,0x29,0x84,0x24,0xc5,0x08,0x11,0x04,0x64,0x00,0x06,0x24,
    0xf0,0xff,0x00,0x10,0x25,0x10,0x00,0x00,0x00,0x34,0x06,0x00,0x25,0x28,0xc5,0x00,
    0x20,0x20,0xa2,0x34,0x00,0x14,0x02,0x00,0x02,0x2c,0x05,0x00,0xe0,0xff,0xbd,0x27,
    0x21,0x10,0x45,0x00,0x18,0x00,0xb2,0xaf,0x14,0x00,0xb1,0xaf,0x10,0x00,0xb0,0xaf,
    0x1c,0x00,0xbf,0xaf,0x5c,0x00,0x82,0xac,0x5c,0x00,0x82,0x8c,0x5c,0x00,0x82,0x8c,
    0x25,0x80,0x80,0x00,0x25,0x88,0x00,0x00,0x64,0x00,0x12,0x24,0x5c,0x00,0x02,0x8e,
    0x5c,0x00,0x03,0x8e,0x09,0x00,0x41,0x04,0x64,0x00,0x02,0x24,0x0b,0x00,0x22,0x12,
    0x00,0x00,0x00,0x00,0x1c,0x00,0xbf,0x8f,0x18,0x00,0xb2,0x8f,0x14,0x00,0xb1,0x8f,
    0x10,0x00,0xb0,0x8f,0x08,0x00,0xe0,0x03,0x20,0x00,0xbd,0x27,0x91,0x08,0x11,0x04,
    0xe8,0x03,0x04,0x24,0x0c,0x00,0x32,0x16,0x00,0x00,0x00,0x00,0x1c,0x00,0xbf,0x8f,
    0x18,0x00,0xb2,0x8f,0x14,0x00,0xb1,0x8f,0x10,0x00,0xb0,0x8f,0x64,0x00,0x06,0x24,
    0x00,0x00,0x05,0x3c,0x54,0x29,0xa5,0x24,0x00,0x00,0x04,0x3c,0x64,0x29,0x84,0x24,
    0x97,0x08,0x00,0x10,0x20,0x00,0xbd,0x27,0xe4,0xff,0x00,0x10,0x01,0x00,0x31,0x26,
    0x00,0x00,0x02,0x3c,0xd4,0x2e,0x42,0x8c,0xe0,0xff,0xbd,0x27,0x18,0x00,0xb0,0xaf,
    0x1c,0x00,0xbf,0xaf,0x09,0x00,0x40,0x10,0x25,0x80,0x80,0x00,0x10,0x00,0xa5,0xaf,
    0x9b,0xff,0x11,0x04,0x25,0x28,0x00,0x00,0x10,0x00,0xa6,0x8f,0x00,0x00,0x04,0x3c,
    0x78,0x29,0x84,0x24,0x86,0x08,0x11,0x04,0x25,0x28,0x40,0x00,0x1c,0x00,0xbf,0x8f,
    0x25,0x20,0x00,0x02,0x18,0x00,0xb0,0x8f,0x00,0x12,0x06,0x24,0x25,0x28,0x00,0x00,
    0xbd,0xff,0x00,0x10,0x20,0x00,0xbd,0x27,0x00,0x00,0x02,0x3c,0xd4,0x2e,0x42,0x8c,
    0xa8,0xff,0xbd,0x27,0x30,0x00,0xb0,0xaf,0x54,0x00,0xbf,0xaf,0x50,0x00,0xbe,0xaf,
    0x4c,0x00,0xb7,0xaf,0x48,0x00,0xb6,0xaf,0x44,0x00,0xb5,0xaf,0x40,0x00,0xb4,0xaf,
    0x3c,0x00,0xb3,0xaf,0x38,0x00,0xb2,0xaf,0x34,0x00,0xb1,0xaf,0x04,0x00,0x40,0x10,
    0x25,0x80,0x80,0x00,0x00,0x00,0x04,0x3c,0x6d,0x08,0x11,0x04,0xe0,0x29,0x84,0x24,
    0x04,0x00,0x04,0x8e,0x00,0x80,0x06,0x34,0xa7,0xff,0x11,0x04,0x25,0x28,0x00,0x00,
    0x04,0x00,0x04,0x8e,0x76,0xff,0x11,0x04,0x25,0x28,0x00,0x00,0x00,0x14,0x02,0x00,
    0x03,0x14,0x02,0x00,0x11,0x00,0x41,0x04,0x00,0x00,0x00,0x00,0x00,0x00,0x04,0x3c,
    0x5f,0x08,0x11,0x04,0xf8,0x29,0x84,0x24,0xff,0xff,0x02,0x24,0x54,0x00,0xbf,0x8f,
    0x50,0x00,0xbe,0x8f,0x4c,0x00,0xb7,0x8f,0x48,0x00,0xb6,0x8f,0x44,0x00,0xb5,0x8f,
    0x40,0x00,0xb4,0x8f,0x3c,0x00,0xb3,0x8f,0x38,0x00,0xb2,0x8f,0x34,0x00,0xb1,0x8f,
    0x30,0x00,0xb0,0x8f,0x08,0x00,0xe0,0x03,0x58,0x00,0xbd,0x27,0x00,0x00,0x02,0x3c,
    0x60,0x2e,0x42,0x8c,0x00,0x00,0x00,0x00,0x34,0x00,0x40,0x14,0x00,0x00,0x00,0x00,
    0x00,0x00,0x02,0x3c,0xd4,0x2e,0x42,0x8c,0x00,0x00,0x00,0x00,0x06,0x00,0x40,0x10,
    0x00,0x00,0x00,0x00,0x00,0x00,0x05,0x3c,0x5c,0x2e,0xa5,0x8c,0x00,0x00,0x04,0x3c,
    0x43,0x08,0x11,0x04,0x10,0x2a,0x84,0x24,0x00,0x00,0x02,0x3c,0x5c,0x2e,0x42,0x8c,
    0x00,0x00,0x00,0x00,0x80,0x01,0x51,0x30,0x2b,0x88,0x11,0x00,0x40,0x01,0x42,0x30,
    0x02,0x00,0x40,0x10,0x40,0x33,0x11,0x00,0x00,0x01,0xc6,0x34,0x04,0x00,0x04,0x8e,
    0x75,0xff,0x11,0x04,0x25,0x28,0x00,0x00,0x03,0x00,0x20,0x16,0x64,0x00,0x05,0x24,
    0x25,0x88,0x00,0x00,0x0a,0x00,0x05,0x24,0x00,0x00,0x04,0x3c,0x30,0x2a,0x84,0x24,
    0x2f,0x08,0x11,0x04,0x03,0x00,0x13,0x3c,0x25,0x90,0x00,0x00,0x40,0x0d,0x73,0x26,
    0x18,0x08,0x11,0x04,0x25,0x20,0x60,0x02,0x1e,0x00,0x02,0x92,0x00,0x00,0x00,0x00,
    0x03,0x00,0x40,0x10,0x00,0x00,0x00,0x00,0xc8,0xff,0x00,0x10,0x25,0x10,0x00,0x00,
    0x04,0x00,0x04,0x8e,0x32,0xff,0x11,0x04,0x01,0x00,0x05,0x24,0x04,0x00,0x42,0x30,
    0xb5,0x00,0x40,0x14,0x01,0x00,0x52,0x26,0x05,0x00,0x42,0x2a,0xf0,0xff,0x40,0x14,
    0x00,0x00,0x00,0x00,0xee,0xff,0x00,0x10,0x20,0x00,0x00,0xa2,0x00,0x00,0x02,0x3c,
    0xd0,0x2e,0x42,0x8c,0x04,0x00,0x04,0x8e,0x6d,0x00,0x40,0x14,0x25,0x30,0x00,0x00,
    0x00,0x00,0x11,0x3c,0x5c,0x2e,0x31,0x8e,0x4f,0xff,0x11,0x04,0x25,0x28,0x00,0x00,
    0x04,0x00,0x04,0x8e,0x1e,0xff,0x11,0x04,0x01,0x00,0x05,0x24,0x00,0x40,0x43,0x30,
    0x07,0x00,0x60,0x14,0xff,0xfe,0x04,0x24,0x00,0x00,0x03,0x3c,0x5c,0x2e,0x63,0x8c,
    0x00,0x00,0x00,0x00,0x24,0x18,0x64,0x00,0x00,0x00,0x01,0x3c,0x5c,0x2e,0x23,0xac,
    0x00,0x20,0x43,0x30,0x07,0x00,0x60,0x14,0x7f,0xff,0x04,0x24,0x00,0x00,0x03,0x3c,
    0x5c,0x2e,0x63,0x8c,0x00,0x00,0x00,0x00,0x24,0x18,0x64,0x00,0x00,0x00,0x01,0x3c,
    0x5c,0x2e,0x23,0xac,0x00,0x10,0x43,0x30,0x07,0x00,0x60,0x14,0xbf,0xff,0x04,0x24,
    0x00,0x00,0x03,0x3c,0x5c,0x2e,0x63,0x8c,0x00,0x00,0x00,0x00,0x24,0x18,0x64,0x00,
    0x00,0x00,0x01,0x3c,0x5c,0x2e,0x23,0xac,0x00,0x08,0x43,0x30,0x07,0x00,0x60,0x14,
    0xdf,0xff,0x04,0x24,0x00,0x00,0x03,0x3c,0x5c,0x2e,0x63,0x8c,0x00,0x00,0x00,0x00,
    0x24,0x18,0x64,0x00,0x00,0x00,0x01,0x3c,0x5c,0x2e,0x23,0xac,0x00,0x00,0x06,0x3c,
    0x5c,0x2e,0xc6,0x8c,0x25,0x38,0x40,0x00,0x00,0x00,0x04,0x3c,0x58,0x2a,0x84,0x24,
    0xe3,0x07,0x11,0x04,0x25,0x28,0x20,0x02,0x04,0x00,0x04,0x8e,0xf0,0xfe,0x11,0x04,
    0x04,0x00,0x05,0x24,0x00,0x00,0x03,0x3c,0x5c,0x2e,0x63,0x8c,0x1f,0x00,0x51,0x30,
    0xe0,0x05,0x63,0x30,0x25,0x88,0x23,0x02,0x25,0x30,0x20,0x02,0x00,0x00,0x04,0x3c,
    0x8c,0x2a,0x84,0x24,0xd6,0x07,0x11,0x04,0x25,0x28,0x40,0x00,0x04,0x00,0x04,0x8e,
    0x25,0x30,0x20,0x02,0x10,0xff,0x11,0x04,0x04,0x00,0x05,0x24,0x04,0x00,0x04,0x8e,
    0x00,0x12,0x06,0x24,0x0c,0xff,0x11,0x04,0x25,0x28,0x00,0x00,0x04,0x00,0x04,0x8e,
    0xdb,0xfe,0x11,0x04,0x25,0x28,0x00,0x00,0x04,0x00,0x04,0x8e,0x04,0x00,0x05,0x24,
    0xd7,0xfe,0x11,0x04,0x25,0x88,0x40,0x00,0x25,0x30,0x40,0x00,0x25,0x28,0x20,0x02,
    0x00,0x00,0x04,0x3c,0xa4,0x2a,0x84,0x24,0xc1,0x07,0x11,0x04,0x0f,0x00,0x13,0x3c,
    0x40,0x42,0x73,0x26,0x20,0x00,0x14,0x24,0x03,0x00,0x15,0x24,0x03,0x00,0x11,0x24,
    0xa8,0x07,0x11,0x04,0x25,0x20,0x60,0x02,0x1e,0x00,0x02,0x92,0x00,0x00,0x00,0x00,
    0x91,0xff,0x40,0x14,0x00,0x00,0x00,0x00,0xff,0xff,0x31,0x26,0xf8,0xff,0x20,0x16,
    0x00,0x00,0x00,0x00,0x04,0x00,0x04,0x8e,0xc1,0xfe,0x11,0x04,0x01,0x00,0x05,0x24,
    0x25,0xb0,0x40,0x00,0x30,0x00,0x42,0x30,0x15,0x00,0x54,0x14,0x03,0x00,0x02,0x3c,
    0x25,0x90,0x00,0x00,0x40,0x0d,0x5e,0x24,0x37,0x00,0x00,0x10,0x14,0x00,0x17,0x24,
    0xb7,0xfe,0x11,0x04,0x25,0x28,0x00,0x00,0x00,0x10,0x42,0x30,0xd7,0xff,0x40,0x14,
    0x25,0x88,0x00,0x00,0x70,0xff,0x00,0x10,0x0a,0x00,0x05,0x24,0x8d,0x07,0x11,0x04,
    0x25,0x20,0xc0,0x03,0x1e,0x00,0x02,0x92,0x00,0x00,0x00,0x00,0x76,0xff,0x40,0x14,
    0x00,0x00,0x00,0x00,0x28,0x00,0x57,0x16,0x01,0x00,0x52,0x26,0xff,0xff,0x52,0x26,
    0x04,0x00,0x04,0x8e,0x25,0x28,0xc0,0x02,0x01,0xff,0x11,0x04,0xff,0xff,0xb5,0x26,
    0xd6,0xff,0xa0,0x16,0x00,0x00,0x00,0x00,0x00,0x00,0x02,0x3c,0xd4,0x2e,0x42,0x8c,
    0x00,0x00,0x00,0x00,0x04,0x00,0x40,0x10,0x00,0x00,0x00,0x00,0x00,0x00,0x04,0x3c,
    0x8b,0x07,0x11,0x04,0xcc,0x2a,0x84,0x24,0x04,0x00,0x04,0x8e,0x00,0x20,0x06,0x24,
    0xc5,0xfe,0x11,0x04,0x25,0x28,0x00,0x00,0x0f,0x00,0x04,0x3c,0x71,0x07,0x11,0x04,
    0x40,0x42,0x84,0x24,0x1e,0x00,0x02,0x92,0x00,0x00,0x00,0x00,0x5a,0xff,0x40,0x14,
    0x1e,0x00,0x15,0x24,0x01,0x00,0x02,0x3c,0x25,0x90,0x00,0x00,0xa0,0x86,0x56,0x34,
    0x04,0x00,0x04,0x8e,0x8a,0xfe,0x11,0x04,0x01,0x00,0x05,0x24,0x04,0x00,0x42,0x30,
    0x56,0x00,0x40,0x10,0x1e,0x00,0x02,0x24,0x5c,0x00,0x42,0x12,0x01,0x00,0x02,0x24,
    0x0b,0x00,0x00,0x10,0x20,0x00,0x02,0xa2,0x04,0x00,0x04,0x8e,0x80,0xfe,0x11,0x04,
    0x01,0x00,0x05,0x24,0x04,0x00,0x42,0x30,0xcc,0xff,0x40,0x10,0x14,0x00,0x02,0x24,
    0xd3,0xff,0x42,0x12,0x00,0x00,0x00,0x00,0x01,0x00,0x02,0x24,0x20,0x00,0x02,0xa2,
    0x20,0x00,0xb3,0x27,0x25,0x90,0x00,0x00,0x06,0x00,0x14,0x24,0x04,0x00,0x04,0x8e,
    0x73,0xfe,0x11,0x04,0x25,0x28,0x40,0x02,0x01,0x00,0x52,0x26,0x00,0x00,0x62,0xa6,
    0xfa,0xff,0x54,0x16,0x02,0x00,0x73,0x26,0x00,0x00,0x02,0x3c,0xd4,0x2e,0x42,0x8c,
    0x24,0x00,0xb2,0x97,0x0c,0x00,0x40,0x10,0x25,0x38,0x40,0x02,0x2a,0x00,0xa2,0x97,
    0x22,0x00,0xa6,0x97,0x18,0x00,0xa2,0xaf,0x28,0x00,0xa2,0x97,0x20,0x00,0xa5,0x97,
    0x14,0x00,0xa2,0xaf,0x26,0x00,0xa2,0x97,0x00,0x00,0x04,0x3c,0x34,0x2b,0x84,0x24,
    0x4f,0x07,0x11,0x04,0x10,0x00,0xa2,0xaf,0x00,0x20,0x02,0x24,0x8b,0x00,0x42,0x16,
    0x20,0x5c,0x02,0x24,0x26,0x00,0xb2,0x97,0x00,0x00,0x00,0x00,0xf0,0xff,0x43,0x32,
    0x86,0x00,0x62,0x14,0x00,0x00,0x00,0x00,0x00,0x00,0x02,0x3c,0x60,0x2e,0x42,0x8c,
    0x00,0x00,0x00,0x00,0x55,0x00,0x40,0x10,0x00,0x00,0x00,0x00,0x04,0x00,0x04,0x8e,
    0x4f,0xfe,0x11,0x04,0x14,0x00,0x05,0x24,0x04,0x00,0x04,0x8e,0x4c,0xfe,0x11,0x04,
    0x15,0x00,0x05,0x24,0x07,0x00,0x04,0x3c,0x26,0x07,0x11,0x04,0x20,0xa1,0x84,0x34,
    0x04,0x00,0x04,0x8e,0x46,0xfe,0x11,0x04,0x14,0x00,0x05,0x24,0x04,0x00,0x04,0x8e,
    0x15,0x00,0x05,0x24,0x42,0xfe,0x11,0x04,0x25,0x98,0x40,0x00,0x03,0x00,0x40,0x14,
    0x11,0x00,0x63,0x2e,0x41,0x00,0x60,0x14,0x00,0x00,0x00,0x00,0x00,0x00,0x03,0x3c,
    0xd4,0x2e,0x63,0x8c,0x00,0x00,0x00,0x00,0xf0,0xfe,0x60,0x10,0x25,0x30,0x00,0x00,
    0x25,0x30,0x40,0x00,0x00,0x00,0x04,0x3c,0x60,0x2b,0x84,0x24,0x24,0x07,0x11,0x04,
    0x25,0x28,0x60,0x02,0xe9,0xfe,0x00,0x10,0x25,0x30,0x00,0x00,0x0d,0x07,0x11,0x04,
    0x25,0x20,0xc0,0x02,0x1e,0x00,0x02,0x92,0x00,0x00,0x00,0x00,0xf6,0xfe,0x40,0x14,
    0x00,0x00,0x00,0x00,0x21,0x00,0x55,0x16,0x00,0x00,0x00,0x00,0x00,0x00,0x02,0x3c,
    0xd4,0x2e,0x42,0x8c,0x00,0x00,0x00,0x00,0x04,0x00,0x40,0x10,0x00,0x00,0x00,0x00,
    0x00,0x00,0x04,0x3c,0x12,0x07,0x11,0x04,0x00,0x2b,0x84,0x24,0x04,0x00,0x04,0x8e,
    0x25,0x30,0x00,0x00,0x4c,0xfe,0x11,0x04,0x25,0x28,0x00,0x00,0x0f,0x00,0x04,0x3c,
    0xf8,0x06,0x11,0x04,0x40,0x42,0x84,0x24,0x1e,0x00,0x02,0x92,0x00,0x00,0x00,0x00,
    0xe1,0xfe,0x40,0x14,0x1e,0x00,0x15,0x24,0x01,0x00,0x02,0x3c,0x25,0x90,0x00,0x00,
    0xa0,0x86,0x56,0x34,0x04,0x00,0x04,0x8e,0x11,0xfe,0x11,0x04,0x01,0x00,0x05,0x24,
    0x04,0x00,0x42,0x30,0x07,0x00,0x40,0x10,0x1e,0x00,0x02,0x24,0x3e,0xff,0x42,0x12,
    0x01,0x00,0x02,0x24,0x92,0xff,0x00,0x10,0x20,0x00,0x02,0xa2,0x7c,0xff,0x00,0x10,
    0x01,0x00,0x52,0x26,0xe3,0x06,0x11,0x04,0x25,0x20,0xc0,0x02,0x1e,0x00,0x02,0x92,
    0x00,0x00,0x00,0x00,0xcc,0xfe,0x40,0x14,0x00,0x00,0x00,0x00,0x32,0xff,0x55,0x12,
    0x01,0x00,0x52,0x26,0xeb,0xff,0x00,0x10,0x00,0x00,0x00,0x00,0x0f,0x00,0x52,0x32,
    0x00,0x00,0x04,0x3c,0x78,0x2b,0x84,0x24,0xe9,0x06,0x11,0x04,0x01,0x00,0x45,0x26,
    0x00,0x00,0x02,0x3c,0x60,0x2e,0x42,0x8c,0x00,0x00,0x00,0x00,0x36,0x00,0x40,0x14,
    0x20,0x00,0x03,0x24,0x20,0x00,0xa2,0x97,0x00,0x00,0x00,0x00,0x00,0x21,0x42,0x30,
    0x05,0x00,0x40,0x14,0x00,0x00,0x00,0x00,0x04,0x00,0x04,0x8e,0x04,0x01,0x06,0x24,
    0x19,0xfe,0x11,0x04,0x1a,0x00,0x05,0x24,0x18,0x00,0x40,0x16,0x01,0x00,0x06,0x24,
    0x04,0x00,0x04,0x8e,0x14,0xfe,0x11,0x04,0x13,0x00,0x05,0x24,0x04,0x00,0x04,0x8e,
    0x98,0x18,0x06,0x24,0x10,0xfe,0x11,0x04,0x19,0x00,0x05,0x24,0x04,0x00,0x04,0x8e,
    0x25,0x30,0x00,0x00,0x0c,0xfe,0x11,0x04,0x1f,0x00,0x05,0x24,0x04,0x00,0x04,0x8e,
    0x40,0x50,0x06,0x24,0x08,0xfe,0x11,0x04,0x1d,0x00,0x05,0x24,0x04,0x00,0x04,0x8e,
    0x8c,0x00,0x06,0x24,0x04,0xfe,0x11,0x04,0x1e,0x00,0x05,0x24,0x04,0x00,0x04,0x8e,
    0x25,0x30,0x00,0x00,0x00,0xfe,0x11,0x04,0x13,0x00,0x05,0x24,0x20,0x00,0xb2,0x97,
    0x00,0x00,0x00,0x00,0x00,0x10,0x42,0x32,0x16,0x00,0x40,0x10,0x42,0x1b,0x12,0x00,
    0x2a,0x00,0xa2,0x97,0x28,0x00,0xb1,0x97,0x00,0x00,0x00,0x00,0x24,0x88,0x22,0x02,
    0x40,0x01,0x23,0x32,0x50,0x00,0x60,0x10,0x80,0x01,0x22,0x32,0x82,0x8a,0x11,0x00,
    0x01,0x00,0x31,0x32,0x01,0x00,0x12,0x24,0x17,0x00,0x40,0x10,0x25,0x18,0x00,0x00,
    0x13,0x00,0x00,0x10,0x01,0x00,0x03,0x24,0x28,0x00,0xa2,0x97,0x00,0x00,0x00,0x00,
    0xe0,0x01,0x42,0x30,0xd0,0xff,0x43,0x14,0x00,0x00,0x00,0x00,0xca,0xff,0x00,0x10,
    0x00,0x00,0x00,0x00,0x00,0x00,0x11,0x3c,0x5c,0x2e,0x31,0x8e,0x00,0x00,0x00,0x00,
    0x82,0x8a,0x11,0x00,0x02,0x92,0x12,0x00,0x01,0x00,0x63,0x30,0x01,0x00,0x52,0x32,
    0x05,0x00,0x60,0x10,0x01,0x00,0x31,0x32,0x04,0x00,0x40,0x12,0x04,0x00,0x02,0x24,
    0x02,0x00,0x00,0x10,0x08,0x00,0x02,0x24,0x01,0x00,0x42,0x26,0x30,0x00,0x20,0x16,
    0x00,0x00,0x00,0x00,0x25,0x88,0x00,0x00,0x00,0x00,0x05,0x3c,0xb8,0x29,0xa5,0x24,
    0x03,0x00,0x60,0x10,0x21,0x00,0x02,0xa2,0x00,0x00,0x05,0x3c,0xac,0x29,0xa5,0x24,
    0x00,0x00,0x06,0x3c,0x03,0x00,0x40,0x12,0xc8,0x29,0xc6,0x24,0x00,0x00,0x06,0x3c,
    0xc0,0x29,0xc6,0x24,0x00,0x00,0x07,0x3c,0x03,0x00,0x20,0x12,0xd8,0x29,0xe7,0x24,
    0x00,0x00,0x07,0x3c,0xd0,0x29,0xe7,0x24,0x00,0x00,0x04,0x3c,0x94,0x2b,0x84,0x24,
    0x83,0x06,0x11,0x04,0x23,0x88,0x11,0x00,0x04,0x00,0x03,0x8e,0x00,0x00,0x00,0x00,
    0x04,0x00,0x62,0x8c,0x04,0x00,0x64,0x8c,0x02,0x14,0x02,0x00,0x00,0x24,0x04,0x00,
    0x25,0x10,0x44,0x00,0xff,0x67,0x04,0x3c,0xff,0xff,0x84,0x34,0x24,0x10,0x44,0x00,
    0x00,0x18,0x04,0x3c,0x24,0x88,0x24,0x02,0xc0,0x97,0x12,0x00,0x25,0x88,0x32,0x02,
    0x25,0x10,0x51,0x00,0x02,0x24,0x02,0x00,0x00,0x14,0x02,0x00,0x21,0x10,0x44,0x00,
    0x04,0x00,0x62,0xac,0x04,0x00,0x62,0x8c,0x04,0x00,0x62,0x8c,0x0f,0xfe,0x00,0x10,
    0x25,0x10,0x00,0x00,0x25,0x18,0x00,0x00,0xd2,0xff,0x00,0x10,0x01,0x00,0x02,0x24,
    0xd1,0xff,0x00,0x10,0x40,0x00,0x42,0x34,0xfa,0xff,0x40,0x10,0x25,0x90,0x00,0x00,
    0x01,0x00,0x03,0x24,0xcb,0xff,0x00,0x10,0x04,0x00,0x02,0x24,0x0a,0x00,0xa0,0x14,
    0x25,0x10,0xa0,0x00,0x05,0x00,0x80,0x10,0x01,0x00,0x03,0x24,0x00,0x00,0x85,0x8c,
    0x00,0x00,0x00,0x00,0x04,0x00,0xa3,0x14,0x00,0x00,0x00,0x00,0x00,0x00,0x01,0x3c,
    0x08,0x00,0xe0,0x03,0xcc,0x2e,0x24,0xac,0x08,0x00,0xe0,0x03,0x01,0x00,0x02,0x24,
    0x00,0xb0,0x08,0x3c,0x00,0x30,0x08,0x25,0x10,0x00,0x09,0x24,0xfc,0xff,0x0a,0x24,
    0x0c,0x00,0x85,0x90,0x00,0x00,0x00,0x00,0x03,0x00,0xa0,0x14,0x00,0x00,0x00,0x00,
    0x08,0x00,0xe0,0x03,0x00,0x00,0x00,0x00,0x0e,0x00,0x86,0x90,0x00,0x00,0x00,0x00,
    0x3f,0x00,0xc3,0x30,0xc0,0x18,0x03,0x00,0x21,0x18,0x68,0x00,0x00,0x00,0x67,0x94,
    0x00,0x00,0x00,0x00,0xff,0xff,0xe2,0x30,0x00,0x3c,0x07,0x00,0x03,0x3c,0x07,0x00,
    0xf3,0xff,0xe0,0x04,0x00,0x00,0x00,0x00,0xf2,0x00,0x47,0x30,0x2c,0x00,0xe0,0x10,
    0x25,0x38,0x00,0x00,0x07,0x58,0xe2,0x00,0x01,0x00,0x6b,0x31,0x05,0x00,0x60,0x11,
    0x00,0x00,0x00,0x00,0x48,0x00,0x8b,0x8c,0x00,0x00,0x00,0x00,0x01,0x00,0x6b,0x25,
    0x48,0x00,0x8b,0xac,0x01,0x00,0xe7,0x24,0xf7,0xff,0xe9,0x14,0x07,0x58,0xe2,0x00,
    0x44,0x00,0x87,0x8c,0x00,0x00,0x00,0x00,0x01,0x00,0xe7,0x24,0x44,0x00,0x87,0xac,
    0x80,0x00,0x47,0x30,0x05,0x00,0xe0,0x10,0x00,0x00,0x00,0x00,0x4c,0x00,0x87,0x94,
    0x00,0x00,0x00,0x00,0x01,0x00,0xe7,0x24,0x4c,0x00,0x87,0xa4,0x40,0x00,0x47,0x30,
    0x05,0x00,0xe0,0x10,0x00,0x00,0x00,0x00,0x4e,0x00,0x87,0x94,0x00,0x00,0x00,0x00,
    0x01,0x00,0xe7,0x24,0x4e,0x00,0x87,0xa4,0x3c,0x00,0x47,0x30,0x05,0x00,0xe0,0x10,
    0x00,0x00,0x00,0x00,0x50,0x00,0x87,0x94,0x00,0x00,0x00,0x00,0x01,0x00,0xe7,0x24,
    0x50,0x00,0x87,0xa4,0x02,0x00,0x42,0x30,0x05,0x00,0x40,0x10,0x00,0x00,0x00,0x00,
    0x52,0x00,0x82,0x94,0x00,0x00,0x00,0x00,0x01,0x00,0x42,0x24,0x52,0x00,0x82,0xa4,
    0x04,0x00,0x62,0x94,0x08,0x00,0x83,0x8c,0xff,0xff,0x42,0x30,0x03,0x00,0x42,0x24,
    0x24,0x10,0x4a,0x00,0x21,0x10,0x62,0x00,0x01,0x00,0xc6,0x24,0xff,0xff,0xa5,0x24,
    0x08,0x00,0x82,0xac,0x0e,0x00,0x86,0xa0,0xb5,0xff,0x00,0x10,0x0c,0x00,0x85,0xa0,
    0xb8,0xff,0xbd,0x27,0x00,0x10,0x02,0x24,0x40,0x00,0xbe,0xaf,0x3c,0x00,0xb7,0xaf,
    0x34,0x00,0xb5,0xaf,0x30,0x00,0xb4,0xaf,0x24,0x00,0xb1,0xaf,0x20,0x00,0xb0,0xaf,
    0x44,0x00,0xbf,0xaf,0x38,0x00,0xb6,0xaf,0x2c,0x00,0xb3,0xaf,0x28,0x00,0xb2,0xaf,
    0x04,0x00,0x91,0x8c,0x08,0x00,0x82,0xac,0x00,0x00,0x95,0x8c,0x00,0x00,0x02,0x3c,
    0x18,0x02,0x42,0x24,0x25,0x80,0x80,0x00,0x0c,0x00,0x80,0xac,0x10,0x00,0x80,0xac,
    0x03,0x00,0x14,0x24,0x00,0x80,0x17,0x34,0x18,0x00,0xa2,0xaf,0x00,0xb0,0x1e,0x3c,
    0x14,0x00,0x04,0x8e,0x10,0x00,0xa7,0x27,0x11,0x00,0x06,0x24,0x35,0x06,0x11,0x04,
    0x1f,0x00,0x05,0x24,0x13,0x00,0x40,0x10,0x00,0x00,0x00,0x00,0x00,0x00,0x04,0x3c,
    0xc0,0x2b,0x84,0x24,0xe2,0x05,0x11,0x04,0x25,0x28,0x40,0x00,0x44,0x00,0xbf,0x8f,
    0x40,0x00,0xbe,0x8f,0x3c,0x00,0xb7,0x8f,0x38,0x00,0xb6,0x8f,0x34,0x00,0xb5,0x8f,
    0x30,0x00,0xb4,0x8f,0x2c,0x00,0xb3,0x8f,0x28,0x00,0xb2,0x8f,0x24,0x00,0xb1,0x8f,
    0x20,0x00,0xb0,0x8f,0x08,0x00,0xe0,0x03,0x48,0x00,0xbd,0x27,0xe8,0xff,0x00,0x10,
    0x03,0x00,0x14,0x24,0x10,0x00,0xa2,0x8f,0x00,0x00,0x00,0x00,0x02,0x00,0x42,0x30,
    0x0f,0x00,0x40,0x10,0x00,0x00,0x00,0x00,0x1d,0x00,0x02,0x92,0x00,0x00,0x00,0x00,
    0x0b,0x00,0x40,0x10,0x00,0x00,0x00,0x00,0x27,0x06,0x11,0x04,0x68,0x00,0x04,0x24,
    0x00,0x00,0x20,0xae,0x00,0x00,0x22,0x8e,0x25,0x20,0x00,0x02,0x00,0x00,0x22,0x8e,
    0x20,0x00,0x00,0xa2,0x1c,0x00,0x00,0xa6,0x39,0x05,0x11,0x04,0x1e,0x00,0x00,0xa2,
    0x10,0x00,0xa2,0x8f,0x00,0x00,0x00,0x00,0x01,0x00,0x42,0x30,0x69,0x00,0x40,0x10,
    0x00,0x00,0x00,0x00,0x1d,0x00,0x02,0x92,0x00,0x00,0x00,0x00,0x3f,0x00,0x40,0x10,
    0x01,0x00,0x12,0x24,0x10,0x00,0xb2,0x8f,0x00,0x00,0x00,0x00,0x04,0x00,0x52,0x32,
    0x66,0x00,0x40,0x16,0x00,0x00,0x00,0x00,0x10,0x00,0xa2,0x8f,0x00,0x00,0x00,0x00,
    0x08,0x00,0x42,0x30,0x03,0x00,0x40,0x10,0x00,0x00,0x00,0x00,0x7f,0x04,0x11,0x04,
    0x25,0x20,0x00,0x02,0x56,0xff,0x11,0x04,0x25,0x20,0x00,0x02,0x04,0x06,0x11,0x04,
    0x48,0x00,0x04,0x24,0x80,0x00,0x40,0x12,0x2c,0x00,0x05,0x26,0x9b,0x05,0x11,0x04,
    0xc0,0x03,0x04,0x24,0x18,0x00,0xa5,0x8f,0x25,0x30,0x00,0x02,0x93,0x05,0x11,0x04,
    0x2c,0x00,0x04,0x26,0x0c,0x00,0x02,0x92,0x00,0x00,0x00,0x00,0x07,0x00,0x40,0x10,
    0x00,0x00,0x00,0x00,0x08,0x00,0x37,0xae,0x04,0x00,0x04,0x24,0x08,0x00,0x22,0x8e,
    0x08,0x00,0x22,0x8e,0xf2,0x05,0x11,0x04,0x00,0x00,0x00,0x00,0xbf,0xff,0x40,0x16,
    0x00,0x00,0x00,0x00,0x10,0x00,0xa2,0x8f,0x00,0x00,0x00,0x00,0x10,0x00,0x42,0x30,
    0xa3,0xff,0x40,0x10,0x00,0x00,0x00,0x00,0xff,0xff,0x94,0x26,0xa0,0xff,0x80,0x1e,
    0x00,0x00,0x00,0x00,0x04,0x00,0x04,0x8e,0x99,0xfc,0x11,0x04,0x01,0x00,0x05,0x24,
    0x04,0x00,0x42,0x30,0x9a,0xff,0x40,0x14,0x25,0x20,0x00,0x02,0xfc,0x04,0x11,0x04,
    0x20,0x00,0x00,0xa2,0x04,0xfd,0x11,0x04,0x25,0x20,0x00,0x02,0x20,0x00,0x02,0x92,
    0x00,0x00,0x00,0x00,0x92,0xff,0x40,0x10,0x00,0x00,0x00,0x00,0x0f,0x05,0x11,0x04,
    0x25,0x20,0x00,0x02,0x8e,0xff,0x00,0x10,0x00,0x00,0x00,0x00,0x68,0x00,0x04,0x24,
    0xd3,0x05,0x11,0x04,0x1c,0x00,0x12,0xa2,0xf7,0xfc,0x11,0x04,0x25,0x20,0x00,0x02,
    0x92,0xff,0x40,0x14,0x00,0x00,0x00,0x00,0x1e,0x00,0x02,0x92,0x00,0x00,0x00,0x00,
    0x04,0x00,0x40,0x10,0x00,0x00,0x00,0x00,0x1e,0x00,0x00,0xa2,0x80,0xff,0x00,0x10,
    0x1c,0x00,0x00,0xa2,0x00,0x18,0x02,0x24,0x00,0x00,0x22,0xae,0x10,0x27,0x04,0x24,
    0x00,0x00,0x22,0x8e,0x00,0x00,0x22,0x8e,0x52,0x05,0x11,0x04,0x00,0x00,0x00,0x00,
    0x00,0x01,0x02,0x24,0x1c,0x00,0x02,0xa6,0xf4,0x04,0x11,0x04,0x25,0x20,0x00,0x02,
    0x1f,0x00,0x02,0x92,0x00,0x00,0x00,0x00,0x0a,0x00,0x40,0x14,0x24,0x00,0x05,0x26,
    0x0f,0x00,0x04,0x3c,0x51,0x05,0x11,0x04,0x40,0x42,0x84,0x24,0x25,0x30,0x00,0x02,
    0x00,0x00,0x05,0x3c,0x3c,0x02,0xa5,0x24,0x48,0x05,0x11,0x04,0x24,0x00,0x04,0x26,
    0x1f,0x00,0x12,0xa2,0x1d,0x00,0x02,0x92,0x00,0x00,0x00,0x00,0x64,0xff,0x40,0x10,
    0x00,0x00,0x00,0x00,0x97,0xff,0x00,0x10,0x00,0x00,0x00,0x00,0x28,0x00,0xd3,0x97,
    0x00,0x00,0x00,0x00,0x6c,0x00,0x62,0x32,0x97,0xff,0x40,0x10,0x25,0x90,0x00,0x00,
    0x40,0x00,0x62,0x32,0x06,0x00,0x40,0x10,0x40,0x00,0x02,0x24,0x28,0x00,0xa2,0xa6,
    0xc0,0x01,0x02,0x3c,0x14,0x00,0x22,0xae,0x14,0x00,0x22,0x8e,0x14,0x00,0x22,0x8e,
    0x20,0x00,0x62,0x32,0x06,0x00,0x40,0x10,0x25,0x90,0x00,0x00,0x20,0x00,0x02,0x24,
    0x28,0x00,0xa2,0xa6,0x5a,0x03,0x11,0x04,0x25,0x20,0x00,0x02,0x25,0x90,0x40,0x00,
    0x08,0x00,0x62,0x32,0x06,0x00,0x40,0x10,0x08,0x00,0x02,0x24,0x28,0x00,0xa2,0xa6,
    0x3c,0x00,0x02,0x96,0x00,0x00,0x00,0x00,0x01,0x00,0x42,0x24,0x3c,0x00,0x02,0xa6,
    0x04,0x00,0x73,0x32,0x7c,0xff,0x60,0x12,0x04,0x00,0x02,0x24,0x10,0x00,0xac,0x8f,
    0x28,0x00,0xa2,0xa6,0x25,0x20,0x00,0x02,0xd5,0xfe,0x11,0x04,0x08,0x00,0x8c,0x35,
    0x75,0xff,0x00,0x10,0x10,0x00,0xac,0xaf,0x81,0x05,0x11,0x04,0x20,0x00,0x04,0x24,
    0x84,0xff,0x00,0x10,0x00,0x00,0x00,0x00,0xe0,0xff,0xbd,0x27,0x1c,0x00,0xbf,0xaf,
    0x18,0x00,0xb1,0xaf,0x14,0x00,0xb0,0xaf,0x25,0x88,0x80,0x03,0x01,0x00,0x1c,0x3c,
    0x60,0xae,0x9c,0x27,0x00,0x00,0x04,0x3c,0x84,0x2e,0x84,0x8c,0x67,0x05,0x11,0x04,
    0x02,0x00,0x05,0x24,0x01,0x00,0x02,0x24,0x00,0x00,0x01,0x3c,0x8e,0x2e,0x22,0xa0,
    0x25,0xe0,0x20,0x02,0x1c,0x00,0xbf,0x8f,0x18,0x00,0xb1,0x8f,0x14,0x00,0xb0,0x8f,
    0x08,0x00,0xe0,0x03,0x20,0x00,0xbd,0x27,0xe8,0xff,0xbd,0x27,0x14,0x00,0xbf,0xaf,
    0x10,0x00,0xb0,0xaf,0x25,0x80,0x80,0x03,0x01,0x00,0x1c,0x3c,0x60,0xae,0x9c,0x27,
    0x00,0x00,0x04,0x3c,0x84,0x2e,0x84,0x8c,0x54,0x05,0x11,0x04,0x01,0x00,0x05,0x24,
    0x25,0xe0,0x00,0x02,0x14,0x00,0xbf,0x8f,0x10,0x00,0xb0,0x8f,0x25,0x10,0x00,0x00,
    0x08,0x00,0xe0,0x03,0x18,0x00,0xbd,0x27,0xd0,0xff,0xbd,0x27,0x2c,0x00,0xbf,0xaf,
    0x28,0x00,0xb0,0xaf,0x25,0x80,0x80,0x03,0x01,0x00,0x1c,0x3c,0x60,0xae,0x9c,0x27,
    0x00,0x00,0x02,0x3c,0x70,0x2e,0x42,0x24,0x20,0x00,0xa2,0xaf,0x20,0x00,0x42,0x90,
    0x00,0x00,0x00,0x00,0x12,0x00,0x40,0x10,0x18,0x00,0xa4,0x27,0x10,0x05,0x11,0x04,
    0x00,0x00,0x00,0x00,0x00,0x00,0x04,0x3c,0x84,0x2e,0x84,0x8c,0x08,0x00,0x40,0x10,
    0x08,0x00,0x05,0x24,0x3b,0x05,0x11,0x04,0x00,0x00,0x00,0x00,0x25,0xe0,0x00,0x02,
    0x2c,0x00,0xbf,0x8f,0x28,0x00,0xb0,0x8f,0x08,0x00,0xe0,0x03,0x30,0x00,0xbd,0x27,
    0x32,0x05,0x11,0x04,0x25,0xe0,0x00,0x02,0xf9,0xff,0x00,0x10,0x00,0x00,0x00,0x00,
    0xfb,0x04,0x11,0x04,0x14,0x00,0xa0,0xaf,0x00,0x00,0x02,0x3c,0x80,0x2e,0x42,0x8c,
    0x18,0x00,0xa4,0x8f,0x10,0x00,0xa2,0xaf,0x00,0x00,0x01,0x3c,0xf6,0x04,0x11,0x04,
    0x80,0x2e,0x20,0xac,0x10,0x00,0xa2,0x8f,0x00,0x00,0x00,0x00,0xeb,0xff,0x40,0x10,
    0x10,0x00,0xa6,0x27,0x20,0x00,0xa4,0x8f,0x19,0x04,0x11,0x04,0x14,0x00,0xa5,0x27,
    0xe6,0xff,0x40,0x18,0x10,0x00,0xa6,0x27,0x20,0x00,0xa4,0x8f,0x2d,0x04,0x11,0x04,
    0x14,0x00,0xa5,0x27,0xf3,0xff,0x00,0x10,0x00,0x00,0x00,0x00,0xe8,0xff,0xbd,0x27,
    0x14,0x00,0xbf,0xaf,0x10,0x00,0xb0,0xaf,0x25,0x80,0x80,0x03,0x01,0x00,0x1c,0x3c,
    0x60,0xae,0x9c,0x27,0x20,0x05,0x11,0x04,0x7c,0x00,0x04,0x24,0x00,0x00,0x04,0x3c,
    0x84,0x2e,0x84,0x8c,0x0f,0x05,0x11,0x04,0x04,0x00,0x05,0x24,0x25,0xe0,0x00,0x02,
    0x14,0x00,0xbf,0x8f,0x10,0x00,0xb0,0x8f,0x25,0x10,0x00,0x00,0x08,0x00,0xe0,0x03,
    0x18,0x00,0xbd,0x27,0xe0,0xff,0xbd,0x27,0x1c,0x00,0xbf,0xaf,0x18,0x00,0xb1,0xaf,
    0x14,0x00,0xb0,0xaf,0x25,0x88,0x80,0x03,0x01,0x00,0x1c,0x3c,0x60,0xae,0x9c,0x27,
    0x0c,0x10,0x83,0x2c,0x0d,0x00,0x60,0x10,0x00,0x10,0x83,0x2c,0x12,0x00,0x60,0x14,
    0xff,0xef,0x82,0x24,0x0b,0x00,0x43,0x2c,0x16,0x00,0x60,0x10,0x80,0x10,0x02,0x00,
    0x00,0x00,0x03,0x3c,0x80,0x28,0x63,0x24,0x21,0x10,0x62,0x00,0x00,0x00,0x42,0x8c,
    0x00,0x00,0x00,0x00,0x08,0x00,0x40,0x00,0x00,0x00,0x00,0x00,0x01,0x30,0x03,0x24,
    0x1d,0x00,0x83,0x10,0x02,0x30,0x03,0x24,0x1f,0x00,0x83,0x10,0x00,0x30,0x03,0x24,
    0x10,0x00,0x83,0x10,0x00,0x00,0x00,0x00,0xff,0xff,0x02,0x24,0x25,0xe0,0x20,0x02,
    0x1c,0x00,0xbf,0x8f,0x18,0x00,0xb1,0x8f,0x14,0x00,0xb0,0x8f,0x08,0x00,0xe0,0x03,
    0x20,0x00,0xbd,0x27,0x79,0xfb,0x11,0x04,0x25,0x20,0xe0,0x00,0xf7,0xff,0x00,0x10,
    0x25,0x10,0x00,0x00,0x3c,0xfb,0x11,0x04,0x25,0xe0,0x20,0x02,0xf4,0xff,0x00,0x10,
    0x00,0x00,0x00,0x00,0x00,0x00,0x02,0x3c,0x70,0x2e,0x42,0x24,0x1d,0x00,0x43,0x90,
    0x00,0x00,0x00,0x00,0xf5,0xff,0x60,0x10,0x00,0x00,0x00,0x00,0x20,0x00,0x42,0x90,
    0xea,0xff,0x00,0x10,0x2b,0x10,0x02,0x00,0x00,0x00,0x02,0x3c,0xb4,0x2e,0x42,0x8c,
    0xe7,0xff,0x00,0x10,0x25,0xe0,0x20,0x02,0x00,0x00,0x02,0x3c,0xa4,0x2e,0x42,0x8c,
    0xe3,0xff,0x00,0x10,0x25,0xe0,0x20,0x02,0x00,0x00,0x02,0x3c,0xac,0x2e,0x42,0x94,
    0xdf,0xff,0x00,0x10,0x25,0xe0,0x20,0x02,0x00,0x00,0x02,0x3c,0xae,0x2e,0x42,0x94,
    0xdb,0xff,0x00,0x10,0x25,0xe0,0x20,0x02,0x00,0x00,0x02,0x3c,0xb0,0x2e,0x42,0x94,
    0xd7,0xff,0x00,0x10,0x25,0xe0,0x20,0x02,0x00,0x00,0x02,0x3c,0xb2,0x2e,0x42,0x94,
    0xd3,0xff,0x00,0x10,0x25,0xe0,0x20,0x02,0x00,0x00,0x02,0x3c,0xbc,0x2e,0x42,0x94,
    0xcf,0xff,0x00,0x10,0x25,0xe0,0x20,0x02,0x00,0x00,0x02,0x3c,0xbe,0x2e,0x42,0x94,
    0xcb,0xff,0x00,0x10,0x25,0xe0,0x20,0x02,0x00,0x00,0x02,0x3c,0xc0,0x2e,0x42,0x94,
    0xc7,0xff,0x00,0x10,0x25,0xe0,0x20,0x02,0x00,0x00,0x02,0x3c,0xc2,0x2e,0x42,0x94,
    0xc3,0xff,0x00,0x10,0x25,0xe0,0x20,0x02,0x00,0x00,0x10,0x3c,0x70,0x2e,0x10,0x26,
    0x1d,0x00,0x03,0x92,0x00,0x00,0x00,0x00,0xbc,0xff,0x60,0x10,0xfa,0xff,0x02,0x24,
    0x00,0x00,0xa3,0x8c,0xbf,0xff,0x02,0x24,0x24,0x10,0x62,0x00,0x26,0x00,0x40,0x10,
    0x03,0x00,0x04,0x24,0x00,0x00,0x01,0x3c,0x60,0x2e,0x20,0xac,0x20,0x00,0x44,0x10,
    0x04,0x00,0x44,0x28,0x07,0x00,0x80,0x10,0x01,0x00,0x04,0x24,0x0a,0x00,0x44,0x10,
    0x02,0x00,0x04,0x24,0xac,0xff,0x44,0x14,0x40,0x00,0x02,0x24,0x07,0x00,0x00,0x10,
    0x00,0x00,0x00,0x00,0x04,0x00,0x04,0x24,0xa7,0xff,0x44,0x14,0x00,0x01,0x02,0x24,
    0x02,0x00,0x00,0x10,0x00,0x00,0x00,0x00,0x20,0x00,0x02,0x24,0x00,0x00,0x01,0x3c,
    0x5c,0x2e,0x22,0xac,0x40,0x00,0x63,0x30,0x07,0x00,0x60,0x14,0x00,0x00,0x00,0x00,
    0x00,0x00,0x02,0x3c,0x5c,0x2e,0x42,0x8c,0x00,0x00,0x00,0x00,0x00,0x04,0x42,0x34,
    0x00,0x00,0x01,0x3c,0x5c,0x2e,0x22,0xac,0x14,0x00,0x04,0x8e,0x7f,0x04,0x11,0x04,
    0x03,0x00,0x05,0x24,0x01,0x00,0x02,0x24,0x9c,0xff,0x00,0x10,0x1e,0x00,0x02,0xa2,
    0xee,0xff,0x00,0x10,0x80,0x00,0x02,0x24,0xe0,0x01,0x02,0x24,0x00,0x00,0x01,0x3c,
    0x5c,0x2e,0x22,0xac,0x01,0x00,0x02,0x24,0x00,0x00,0x01,0x3c,0x60,0x2e,0x22,0xac,
    0xe9,0xff,0x00,0x10,0x40,0x00,0x63,0x30,0xcf,0xfa,0x11,0x04,0x00,0x00,0x00,0x00,
    0x01,0x00,0xe2,0xa0,0x00,0x00,0x03,0x3c,0x70,0x2e,0x63,0x24,0x1d,0x00,0x64,0x90,
    0x00,0x00,0x00,0x00,0x04,0x00,0x80,0x10,0x25,0x10,0x00,0x00,0x20,0x00,0x62,0x90,
    0x00,0x00,0x00,0x00,0x2b,0x10,0x02,0x00,0x00,0x00,0xe2,0xa0,0x24,0x00,0x06,0x24,
    0x00,0x00,0x05,0x3c,0xa4,0x2e,0xa5,0x24,0x1a,0x04,0x11,0x04,0x04,0x00,0xe4,0x24,
    0x76,0xff,0x00,0x10,0x25,0x10,0x00,0x00,0xe8,0xff,0xbd,0x27,0x00,0x00,0x05,0x3c,
    0xc8,0x28,0xa5,0x24,0x00,0x00,0x04,0x3c,0xdc,0x2b,0x84,0x24,0x14,0x00,0xbf,0xaf,
    0x07,0x04,0x11,0x04,0x00,0x00,0x00,0x00,0x14,0x00,0xbf,0x8f,0x01,0x00,0x02,0x24,
    0x08,0x00,0xe0,0x03,0x18,0x00,0xbd,0x27,0xe8,0xff,0xbd,0x27,0x14,0x00,0xbf,0xaf,
    0xf1,0xff,0x11,0x04,0x00,0x00,0x00,0x00,0x14,0x00,0xbf,0x8f,0x00,0x00,0x04,0x3c,
    0xe8,0x2b,0x84,0x24,0xfa,0x03,0x00,0x10,0x18,0x00,0xbd,0x27,0x00,0x00,0x02,0x3c,
    0x08,0x00,0xe0,0x03,0xac,0x28,0x42,0x24,0x98,0xff,0xbd,0x27,0xff,0xff,0x02,0x24,
    0x58,0x00,0xb2,0xaf,0x00,0x00,0x12,0x3c,0x70,0x2e,0x52,0x26,0x5c,0x00,0xb3,0xaf,
    0x54,0x00,0xb1,0xaf,0x64,0x00,0xbf,0xaf,0x60,0x00,0xb4,0xaf,0x50,0x00,0xb0,0xaf,
    0x20,0x00,0x42,0xa2,0x00,0x00,0x02,0x3c,0x1c,0x2d,0x42,0x24,0x38,0x00,0xa2,0xaf,
    0x00,0x00,0x02,0x3c,0x24,0x2d,0x42,0x24,0x3c,0x00,0xa2,0xaf,0x00,0x00,0x02,0x3c,
    0x30,0x2d,0x42,0x24,0x40,0x00,0xa2,0xaf,0x00,0x00,0x02,0x3c,0x3c,0x2d,0x42,0x24,
    0x44,0x00,0xa2,0xaf,0x00,0x00,0x02,0x3c,0x44,0x2d,0x42,0x24,0xff,0xff,0x91,0x24,
    0x04,0x00,0xb3,0x24,0x48,0x00,0xa2,0xaf,0x5e,0x00,0x20,0x1e,0x00,0x00,0x00,0x00,
    0x62,0x00,0x20,0x16,0x00,0x00,0x00,0x00,0x00,0xb0,0x10,0x3c,0x00,0x01,0x02,0x26,
    0x00,0x00,0x42,0xae,0x00,0x20,0x02,0x26,0x04,0x00,0x42,0xae,0x04,0x00,0x02,0x96,
    0x00,0x00,0x00,0x00,0x01,0x00,0x42,0x30,0xe5,0x01,0x40,0x10,0x00,0x00,0x00,0x00,
    0x02,0x00,0x02,0x96,0x00,0x00,0x00,0x00,0xff,0xff,0x42,0x30,0x11,0x00,0x42,0x2c,
    0x9d,0x01,0x40,0x14,0x00,0x00,0x00,0x00,0x23,0x04,0x11,0x04,0x7c,0x00,0x04,0x24,
    0x01,0x00,0x02,0x24,0x00,0x10,0x02,0xa2,0x00,0xb0,0x13,0x3c,0x0a,0x00,0x10,0x24,
    0x00,0x10,0x62,0x92,0x00,0x00,0x00,0x00,0x01,0x00,0x42,0x30,0x14,0x01,0x40,0x14,
    0xff,0xff,0x10,0x26,0x01,0x00,0x10,0x26,0x01,0x00,0x02,0x24,0x30,0x10,0x62,0xa2,
    0x00,0xb0,0x10,0x3c,0x0a,0x00,0x13,0x24,0x30,0x10,0x02,0x92,0x00,0x00,0x00,0x00,
    0x01,0x00,0x42,0x30,0x10,0x01,0x40,0x14,0xff,0xff,0x73,0x26,0x01,0x00,0x73,0x26,
    0x00,0x20,0x02,0x24,0x00,0x20,0x02,0xae,0x00,0x20,0x02,0x8e,0x0a,0x00,0x13,0x24,
    0x00,0x20,0x02,0x8e,0x00,0x20,0x14,0x3c,0x00,0xb0,0x10,0x3c,0x00,0x20,0x02,0x8e,
    0x00,0x20,0x03,0x8e,0x02,0x14,0x02,0x00,0x00,0x1c,0x03,0x00,0x25,0x10,0x43,0x00,
    0x24,0x10,0x54,0x00,0x06,0x01,0x40,0x14,0xff,0xff,0x73,0x26,0x01,0x00,0x73,0x26,
    0x02,0x01,0x00,0xa2,0x00,0x30,0x02,0x26,0x00,0x32,0x10,0x26,0x00,0x00,0x40,0xa4,
    0x02,0x00,0x40,0xa4,0x04,0x00,0x40,0xa4,0x06,0x00,0x40,0xa4,0x08,0x00,0x42,0x24,
    0xfa,0xff,0x50,0x14,0x00,0x00,0x00,0x00,0x00,0xb0,0x10,0x3c,0x00,0x80,0x04,0x24,
    0x00,0x34,0x03,0x26,0x00,0x00,0x44,0xa4,0x02,0x00,0x40,0xa4,0x04,0x00,0x40,0xa4,
    0x06,0x00,0x40,0xa4,0x08,0x00,0x42,0x24,0xfa,0xff,0x43,0x14,0x00,0x00,0x00,0x00,
    0x7c,0x00,0x02,0x24,0x28,0x01,0x02,0xa6,0x30,0x00,0xa4,0x27,0x30,0x00,0xa0,0xaf,
    0xef,0x03,0x11,0x04,0x34,0x00,0xa0,0xaf,0xef,0x00,0x40,0x04,0xff,0xff,0x03,0x24,
    0x30,0x00,0xa3,0x97,0x32,0x00,0xa2,0x97,0x34,0x00,0xa4,0x97,0x25,0x28,0x62,0x00,
    0x25,0x28,0x85,0x00,0xec,0x00,0xa0,0x14,0x21,0x28,0x62,0x00,0x09,0x00,0x00,0x10,
    0xfb,0xff,0x11,0x24,0x00,0x00,0x70,0x8e,0x38,0x00,0xa4,0x8f,0x83,0x03,0x11,0x04,
    0x25,0x28,0x00,0x02,0x0c,0x00,0x40,0x14,0x00,0x00,0x00,0x00,0x72,0xff,0x11,0x04,
    0x02,0x00,0x11,0x24,0x64,0x00,0xbf,0x8f,0x60,0x00,0xb4,0x8f,0x5c,0x00,0xb3,0x8f,
    0x58,0x00,0xb2,0x8f,0x50,0x00,0xb0,0x8f,0x25,0x10,0x20,0x02,0x54,0x00,0xb1,0x8f,
    0x08,0x00,0xe0,0x03,0x68,0x00,0xbd,0x27,0x3c,0x00,0xa4,0x8f,0x73,0x03,0x11,0x04,
    0x25,0x28,0x00,0x02,0x09,0x00,0x40,0x14,0x00,0x00,0x00,0x00,0x64,0x00,0xbf,0x8f,
    0x60,0x00,0xb4,0x8f,0x5c,0x00,0xb3,0x8f,0x58,0x00,0xb2,0x8f,0x54,0x00,0xb1,0x8f,
    0x50,0x00,0xb0,0x8f,0x50,0xff,0x00,0x10,0x68,0x00,0xbd,0x27,0x40,0x00,0xa4,0x8f,
    0x66,0x03,0x11,0x04,0x25,0x28,0x00,0x02,0x06,0x00,0x40,0x14,0x01,0x00,0x02,0x24,
    0x00,0x00,0x01,0x3c,0xd4,0x2e,0x22,0xac,0xff,0xff,0x31,0x26,0x7a,0xff,0x00,0x10,
    0x04,0x00,0x73,0x26,0x44,0x00,0xa4,0x8f,0x5c,0x03,0x11,0x04,0x25,0x28,0x00,0x02,
    0x05,0x00,0x40,0x14,0x01,0x00,0x02,0x24,0x00,0x00,0x01,0x3c,0x60,0x2e,0x22,0xac,
    0xf6,0xff,0x00,0x10,0xff,0xff,0x31,0x26,0x48,0x00,0xa4,0x8f,0x53,0x03,0x11,0x04,
    0x25,0x28,0x00,0x02,0x05,0x00,0x40,0x14,0x00,0x00,0x00,0x00,0x00,0x00,0x01,0x3c,
    0x60,0x2e,0x20,0xac,0xed,0xff,0x00,0x10,0xff,0xff,0x31,0x26,0x00,0x00,0x04,0x3c,
    0x50,0x2d,0x84,0x24,0x49,0x03,0x11,0x04,0x25,0x28,0x00,0x02,0x05,0x00,0x40,0x14,
    0x01,0x00,0x02,0x24,0x00,0x00,0x01,0x3c,0xd0,0x2e,0x22,0xac,0xe3,0xff,0x00,0x10,
    0xff,0xff,0x31,0x26,0x00,0x00,0x04,0x3c,0x58,0x2d,0x84,0x24,0x3f,0x03,0x11,0x04,
    0x25,0x28,0x00,0x02,0x05,0x00,0x40,0x14,0x06,0x00,0x06,0x24,0x00,0x00,0x01,0x3c,
    0xd0,0x2e,0x20,0xac,0xd9,0xff,0x00,0x10,0xff,0xff,0x31,0x26,0x00,0x00,0x04,0x3c,
    0x64,0x2d,0x84,0x24,0x39,0x03,0x11,0x04,0x25,0x28,0x00,0x02,0x25,0x00,0x40,0x14,
    0x08,0x00,0x06,0x24,0x06,0x00,0x04,0x82,0x38,0x03,0x11,0x04,0x00,0x00,0x00,0x00,
    0x04,0x00,0x42,0x30,0xad,0xff,0x40,0x10,0x0a,0x00,0x06,0x24,0x00,0x00,0x64,0x8e,
    0x25,0x28,0x00,0x00,0x2b,0x03,0x11,0x04,0x06,0x00,0x84,0x24,0x00,0x00,0x01,0x3c,
    0x68,0x2e,0x22,0xac,0xf7,0xff,0x42,0x24,0x73,0x00,0x42,0x2c,0xa3,0xff,0x40,0x10,
    0x00,0x00,0x00,0x00,0x00,0x00,0x62,0x8e,0x00,0x00,0x00,0x00,0x06,0x00,0x42,0x80,
    0x00,0x00,0x00,0x00,0xbc,0xff,0x40,0x10,0x06,0x00,0x10,0x26,0x00,0x00,0x04,0x82,
    0x22,0x03,0x11,0x04,0x00,0x00,0x00,0x00,0x04,0x00,0x42,0x30,0x07,0x00,0x40,0x14,
    0x00,0x00,0x00,0x00,0x00,0x00,0x02,0x82,0x00,0x00,0x00,0x00,0xb3,0xff,0x40,0x10,
    0xff,0xff,0x31,0x26,0x91,0xff,0x00,0x10,0x01,0x00,0x31,0x26,0xf3,0xff,0x00,0x10,
    0x01,0x00,0x10,0x26,0x00,0x00,0x04,0x3c,0x6c,0x2d,0x84,0x24,0x0f,0x03,0x11,0x04,
    0x25,0x28,0x00,0x02,0x29,0x00,0x40,0x14,0x00,0x00,0x00,0x00,0x08,0x00,0x04,0x82,
    0x0e,0x03,0x11,0x04,0x00,0x00,0x00,0x00,0x04,0x00,0x42,0x30,0x83,0xff,0x40,0x10,
    0x0a,0x00,0x06,0x24,0x00,0x00,0x64,0x8e,0x25,0x28,0x00,0x00,0x01,0x03,0x11,0x04,
    0x08,0x00,0x84,0x24,0x00,0x00,0x01,0x3c,0x64,0x2e,0x22,0xac,0x00,0x00,0x62,0x8e,
    0x00,0x00,0x00,0x00,0x08,0x00,0x42,0x80,0x00,0x00,0x00,0x00,0x07,0x00,0x40,0x10,
    0x08,0x00,0x10,0x26,0x00,0x00,0x04,0x82,0xfc,0x02,0x11,0x04,0x00,0x00,0x00,0x00,
    0x04,0x00,0x42,0x30,0x0f,0x00,0x40,0x14,0x00,0x00,0x00,0x00,0x00,0x00,0x05,0x3c,
    0x78,0x2d,0xa5,0x24,0xed,0x02,0x11,0x04,0x25,0x20,0x00,0x02,0x8a,0xff,0x40,0x14,
    0x00,0x00,0x00,0x00,0x00,0x00,0x02,0x3c,0x64,0x2e,0x42,0x8c,0x00,0x00,0x00,0x00,
    0x80,0x12,0x02,0x00,0x00,0x00,0x01,0x3c,0x64,0x2e,0x22,0xac,0x83,0xff,0x00,0x10,
    0xff,0xff,0x31,0x26,0xeb,0xff,0x00,0x10,0x01,0x00,0x10,0x26,0x00,0x00,0x03,0x82,
    0x30,0x00,0x02,0x24,0x20,0x00,0x62,0x14,0x00,0x00,0x00,0x00,0x01,0x00,0x02,0x82,
    0x00,0x00,0x00,0x00,0x1c,0x00,0x40,0x10,0x00,0x00,0x00,0x00,0x78,0x00,0x03,0x24,
    0x16,0x00,0x43,0x14,0x02,0x00,0x03,0x26,0x10,0x00,0x05,0x24,0x00,0x00,0x62,0x80,
    0x00,0x00,0x00,0x00,0x16,0x00,0x40,0x10,0x25,0x20,0x00,0x00,0xd0,0xff,0x42,0x24,
    0x0a,0x00,0x46,0x2c,0x12,0x00,0xc0,0x10,0x18,0x00,0xa4,0x00,0x01,0x00,0x63,0x24,
    0x12,0x20,0x00,0x00,0x21,0x20,0x44,0x00,0x00,0x00,0x62,0x80,0x00,0x00,0x00,0x00,
    0xf7,0xff,0x40,0x14,0xd0,0xff,0x42,0x24,0x30,0x00,0x42,0x24,0x00,0x00,0x01,0x3c,
    0x5c,0x2e,0x24,0xac,0x61,0xff,0x00,0x10,0xff,0xff,0x31,0x26,0x01,0x00,0x03,0x26,
    0xea,0xff,0x00,0x10,0x0a,0x00,0x05,0x24,0xfd,0xff,0x00,0x10,0x25,0x18,0x00,0x02,
    0x00,0x00,0x05,0x3c,0x7c,0x2d,0xa5,0x24,0x00,0x00,0x04,0x3c,0x88,0x2d,0x84,0x24,
    0xab,0x02,0x11,0x04,0x25,0x30,0x00,0x02,0x34,0xff,0x00,0x10,0x00,0x00,0x00,0x00,
    0xc1,0x00,0x00,0x12,0x00,0x00,0x00,0x00,0x92,0x02,0x11,0x04,0xe8,0x03,0x04,0x24,
    0xe3,0xfe,0x00,0x10,0x00,0x00,0x00,0x00,0xbd,0x00,0x60,0x12,0x00,0x00,0x00,0x00,
    0x8c,0x02,0x11,0x04,0xe8,0x03,0x04,0x24,0xe7,0xfe,0x00,0x10,0x00,0x00,0x00,0x00,
    0x07,0x00,0x60,0x12,0x00,0x00,0x00,0x00,0x86,0x02,0x11,0x04,0xe8,0x03,0x04,0x24,
    0xee,0xfe,0x00,0x10,0x00,0x00,0x00,0x00,0x22,0xff,0x43,0x10,0xf9,0xff,0x11,0x24,
    0x20,0xff,0x00,0x10,0xfc,0xff,0x11,0x24,0x21,0x28,0xa4,0x00,0x36,0x00,0xa6,0x97,
    0xff,0xff,0xa5,0x30,0x11,0xff,0xc5,0x14,0x00,0x80,0x05,0x3c,0x64,0x81,0xa5,0x34,
    0x04,0x20,0x05,0xae,0x04,0x20,0x05,0x8e,0x04,0x20,0x05,0x8e,0x0f,0x38,0x05,0x24,
    0x0c,0x20,0x05,0xae,0x0c,0x20,0x05,0x8e,0x0c,0x20,0x05,0x8e,0x58,0xc0,0x05,0x34,
    0x10,0x20,0x05,0xae,0x10,0x20,0x05,0x8e,0x10,0x20,0x05,0x8e,0xc0,0x01,0x05,0x3c,
    0x14,0x20,0x05,0xae,0x14,0x20,0x06,0x8e,0x14,0x20,0x06,0x8e,0x18,0x20,0x05,0xae,
    0x18,0x20,0x05,0x8e,0x18,0x20,0x05,0x8e,0x02,0x2a,0x03,0x00,0x00,0x1a,0x03,0x00,
    0x21,0x18,0xa3,0x00,0x00,0x1c,0x03,0x00,0x1c,0x20,0x03,0xae,0x1c,0x20,0x03,0x8e,
    0x1c,0x20,0x03,0x8e,0x02,0x1a,0x02,0x00,0x00,0x12,0x02,0x00,0x21,0x18,0x62,0x00,
    0x02,0x12,0x04,0x00,0x00,0x22,0x04,0x00,0x21,0x10,0x44,0x00,0x00,0x1c,0x03,0x00,
    0xff,0xff,0x42,0x30,0x02,0x1c,0x03,0x00,0x00,0x14,0x02,0x00,0x21,0x10,0x43,0x00,
    0x20,0x20,0x02,0xae,0x20,0x20,0x02,0x8e,0x20,0x20,0x02,0x8e,0xff,0xff,0x02,0x3c,
    0x2c,0x20,0x02,0xae,0x2c,0x20,0x02,0x8e,0x2c,0x20,0x02,0x8e,0x40,0x20,0x00,0xae,
    0x40,0x20,0x02,0x8e,0x40,0x20,0x02,0x8e,0x44,0x20,0x00,0xae,0x44,0x20,0x02,0x8e,
    0x44,0x20,0x02,0x8e,0x48,0x20,0x00,0xae,0x48,0x20,0x02,0x8e,0x48,0x20,0x02,0x8e,
    0x4c,0x20,0x00,0xae,0x4c,0x20,0x02,0x8e,0x4c,0x20,0x02,0x8e,0x04,0x00,0x02,0x3c,
    0x58,0x20,0x02,0xae,0x58,0x20,0x02,0x8e,0x58,0x20,0x02,0x8e,0x00,0x60,0x02,0x24,
    0x60,0x20,0x02,0xae,0x60,0x20,0x02,0x8e,0x60,0x20,0x02,0x8e,0x00,0x40,0x02,0x3c,
    0x00,0x08,0x42,0x24,0x64,0x20,0x02,0xae,0x64,0x20,0x02,0x8e,0x64,0x20,0x02,0x8e,
    0x00,0x00,0x02,0x3c,0xac,0x13,0x42,0x24,0x02,0x00,0x10,0x24,0x38,0x00,0xa2,0xaf,
    0x07,0x00,0x13,0x24,0x38,0x00,0xa5,0x8f,0x25,0x20,0x00,0x02,0xa0,0x02,0x11,0x04,
    0x01,0x00,0x10,0x26,0xfb,0xff,0x13,0x16,0x00,0x00,0x00,0x00,0x00,0x00,0x05,0x3c,
    0x10,0x01,0xa5,0x24,0x9c,0x02,0x11,0x04,0x01,0x00,0x04,0x24,0x00,0x00,0x05,0x3c,
    0x40,0x01,0xa5,0x24,0x9a,0x02,0x11,0x04,0x01,0x00,0x04,0x24,0x24,0x00,0xa4,0x27,
    0x24,0x00,0xa0,0xaf,0x28,0x00,0xa0,0xaf,0x7c,0x02,0x11,0x04,0x2c,0x00,0xa0,0xaf,
    0x07,0x00,0x41,0x04,0x14,0x00,0x42,0xae,0x00,0x00,0x04,0x3c,0xa8,0x2d,0x84,0x24,
    0x2b,0x02,0x11,0x04,0x25,0x28,0x40,0x00,0xb6,0xfe,0x00,0x10,0xfa,0xff,0x11,0x24,
    0x00,0x02,0x02,0x3c,0x10,0x00,0xa2,0xaf,0x00,0x00,0x02,0x3c,0xc0,0x0e,0x42,0x24,
    0x18,0x00,0xa2,0xaf,0x00,0x00,0x02,0x3c,0x68,0x2e,0x42,0x8c,0x10,0x00,0xa4,0x27,
    0x20,0x00,0xa2,0xaf,0x00,0x00,0x02,0x3c,0x64,0x2e,0x42,0x8c,0x14,0x00,0xa0,0xaf,
    0x04,0x02,0x11,0x04,0x1c,0x00,0xa2,0xaf,0x0b,0x00,0x41,0x04,0x18,0x00,0x42,0xae,
    0x25,0x28,0x40,0x00,0x00,0x00,0x04,0x3c,0xc8,0x2d,0x84,0x24,0x14,0x02,0x11,0x04,
    0x25,0x88,0x40,0x00,0x14,0x00,0x44,0x8e,0x64,0x02,0x11,0x04,0x00,0x00,0x00,0x00,
    0x9c,0xfe,0x00,0x10,0x00,0x00,0x00,0x00,0x00,0x00,0x05,0x3c,0x70,0x2e,0xa5,0x24,
    0xf6,0x01,0x11,0x04,0x25,0x20,0x40,0x00,0x0d,0x00,0x41,0x04,0x25,0x80,0x40,0x00,
    0x00,0x00,0x04,0x3c,0xe4,0x2d,0x84,0x24,0x05,0x02,0x11,0x04,0x25,0x28,0x40,0x00,
    0x18,0x00,0x44,0x8e,0xf3,0x01,0x11,0x04,0x25,0x88,0x00,0x02,0x14,0x00,0x44,0x8e,
    0x52,0x02,0x11,0x04,0x00,0x00,0x00,0x00,0x8a,0xfe,0x00,0x10,0x00,0x00,0x00,0x00,
    0x00,0x00,0x04,0x3c,0x34,0x02,0x11,0x04,0x40,0x2e,0x84,0x24,0x85,0xfe,0x41,0x04,
    0x58,0x00,0x42,0xae,0x00,0x00,0x04,0x3c,0x00,0x2e,0x84,0x24,0xf4,0x01,0x11,0x04,
    0x25,0x28,0x00,0x02,0x18,0x00,0x44,0x8e,0xe0,0x01,0x11,0x04,0xfa,0xff,0x11,0x24,
    0x18,0x00,0x44,0x8e,0xdf,0x01,0x11,0x04,0x00,0x00,0x00,0x00,0x14,0x00,0x44,0x8e,
    0x3e,0x02,0x11,0x04,0x00,0x00,0x00,0x00,0x76,0xfe,0x00,0x10,0x00,0x00,0x00,0x00,
    0x74,0xfe,0x00,0x10,0xff,0xff,0x11,0x24,0x72,0xfe,0x00,0x10,0xfe,0xff,0x11,0x24,
    0x70,0xfe,0x00,0x10,0xfd,0xff,0x11,0x24,0x00,0x00,0x00,0x00,0x00,0x00,0x00,0x00,
    0xb0,0xff,0xbd,0x27,0x38,0x00,0xb4,0xaf,0x30,0x00,0xb2,0xaf,0x00,0xb0,0x14,0x3c,
    0x00,0x00,0x92,0x8c,0x40,0x00,0xb6,0xaf,0x3c,0x00,0xb5,0xaf,0x34,0x00,0xb3,0xaf,
    0x28,0x00,0xb0,0xaf,0x4c,0x00,0xbf,0xaf,0x48,0x00,0xbe,0xaf,0x44,0x00,0xb7,0xaf,
    0x2c,0x00,0xb1,0xaf,0x25,0x80,0x80,0x00,0x25,0x98,0x00,0x00,0x00,0x32,0x94,0x26,
    0xfc,0xff,0x15,0x24,0x10,0x00,0x16,0x24,0x3c,0x0f,0x42,0x92,0x00,0x00,0x00,0x00,
    0xff,0x00,0x42,0x30,0x0e,0x00,0x40,0x14,0x00,0x00,0x00,0x00,0x4c,0x00,0xbf,0x8f,
    0x48,0x00,0xbe,0x8f,0x44,0x00,0xb7,0x8f,0x40,0x00,0xb6,0x8f,0x3c,0x00,0xb5,0x8f,
    0x38,0x00,0xb4,0x8f,0x30,0x00,0xb2,0x8f,0x2c,0x00,0xb1,0x8f,0x28,0x00,0xb0,0x8f,
    0x25,0x10,0x60,0x02,0x34,0x00,0xb3,0x8f,0x08,0x00,0xe0,0x03,0x50,0x00,0xbd,0x27,
    0x0f,0x00,0x11,0x92,0x00,0x00,0x00,0x00,0x3f,0x00,0x31,0x32,0xc0,0x88,0x11,0x00,
    0x21,0x88,0x34,0x02,0x00,0x00,0x23,0x96,0x00,0x00,0x00,0x00,0xff,0xff,0x62,0x30,
    0x00,0x1c,0x03,0x00,0x03,0x1c,0x03,0x00,0xe8,0xff,0x60,0x04,0x00,0x00,0x00,0x00,
    0x04,0x00,0x37,0x96,0x7f,0x02,0x43,0x30,0xff,0xff,0xf7,0x32,0x03,0x00,0xe5,0x26,
    0x24,0x28,0xb5,0x00,0x06,0x00,0x3e,0x96,0x31,0x00,0x60,0x10,0xff,0xff,0xa5,0x30,
    0x25,0x18,0x00,0x00,0x07,0x20,0x62,0x00,0x01,0x00,0x84,0x30,0x05,0x00,0x80,0x10,
    0x00,0x00,0x00,0x00,0x38,0x00,0x04,0x8e,0x00,0x00,0x00,0x00,0x01,0x00,0x84,0x24,
    0x38,0x00,0x04,0xae,0x01,0x00,0x63,0x24,0xf7,0xff,0x76,0x14,0x07,0x20,0x62,0x00,
    0x34,0x00,0x03,0x8e,0x00,0x00,0x00,0x00,0x01,0x00,0x63,0x24,0x34,0x00,0x03,0xae,
    0x00,0x02,0x43,0x30,0x05,0x00,0x60,0x10,0x00,0x00,0x00,0x00,0x3c,0x00,0x03,0x96,
    0x00,0x00,0x00,0x00,0x01,0x00,0x63,0x24,0x3c,0x00,0x03,0xa6,0x67,0x00,0x43,0x30,
    0x05,0x00,0x60,0x10,0x00,0x00,0x00,0x00,0x3e,0x00,0x03,0x96,0x00,0x00,0x00,0x00,
    0x01,0x00,0x63,0x24,0x3e,0x00,0x03,0xa6,0x08,0x00,0x43,0x30,0x05,0x00,0x60,0x10,
    0x00,0x00,0x00,0x00,0x40,0x00,0x03,0x96,0x00,0x00,0x00,0x00,0x01,0x00,0x63,0x24,
    0x40,0x00,0x03,0xa6,0x10,0x00,0x42,0x30,0x05,0x00,0x40,0x10,0x00,0x00,0x00,0x00,
    0x42,0x00,0x02,0x96,0x00,0x00,0x00,0x00,0x01,0x00,0x42,0x24,0x42,0x00,0x02,0xa6,
    0x21,0x28,0xbe,0x00,0x34,0x0f,0x45,0xa6,0x12,0x00,0x00,0x10,0x00,0x80,0x02,0x24,
    0x10,0x00,0xa6,0x27,0x25,0x20,0x00,0x02,0x23,0x01,0x11,0x04,0x18,0x00,0xa5,0xaf,
    0x18,0x00,0xa5,0x8f,0x40,0x00,0x40,0x10,0x25,0x40,0x40,0x00,0x10,0x00,0xa5,0x8f,
    0x00,0x00,0x00,0x00,0x0e,0x00,0xa0,0x14,0x03,0x00,0xa2,0x30,0x25,0x30,0xe0,0x02,
    0x25,0x28,0x00,0x01,0x33,0x01,0x11,0x04,0x25,0x20,0x00,0x02,0x01,0x00,0x73,0x26,
    0x00,0x80,0x02,0x24,0x40,0x0f,0x40,0xa2,0x00,0x00,0x22,0xa6,0x0f,0x00,0x02,0x92,
    0x00,0x00,0x00,0x00,0x01,0x00,0x42,0x24,0x93,0xff,0x00,0x10,0x0f,0x00,0x02,0xa2,
    0x00,0x00,0x03,0x8e,0x00,0x00,0x00,0x00,0x34,0x0f,0x7e,0xa4,0x24,0x00,0x40,0x14,
    0x25,0x20,0xa0,0x00,0x82,0x31,0x17,0x00,0x0a,0x00,0xc0,0x14,0x25,0x38,0x00,0x00,
    0x25,0x10,0x00,0x00,0x2b,0x20,0x57,0x00,0xe8,0xff,0x80,0x10,0x00,0x00,0x00,0x00,
    0x00,0x11,0x66,0x8c,0x21,0x20,0xa2,0x00,0x00,0x00,0x86,0xac,0xf9,0xff,0x00,0x10,
    0x04,0x00,0x42,0x24,0x00,0x34,0x06,0x00,0x10,0x00,0xc6,0x34,0x01,0x00,0x04,0x24,
    0x20,0x00,0xa8,0xaf,0x1c,0x00,0xa3,0xaf,0xaf,0x01,0x11,0x04,0x18,0x00,0xa5,0xaf,
    0x18,0x00,0xa5,0x8f,0x1c,0x00,0xa3,0x8f,0x20,0x00,0xa8,0x8f,0xec,0xff,0x40,0x04,
    0xc0,0xff,0xe2,0x32,0xec,0xff,0x00,0x10,0x2b,0x20,0x57,0x00,0x00,0x11,0x62,0x8c,
    0x04,0x00,0xa5,0x24,0x02,0x32,0x02,0x00,0xfc,0xff,0xa2,0xa0,0xfd,0xff,0xa6,0xa0,
    0x02,0x34,0x02,0x00,0x02,0x16,0x02,0x00,0xfe,0xff,0xa6,0xa0,0xff,0xff,0xa2,0xa0,
    0x23,0x10,0xa4,0x00,0x2b,0x10,0x57,0x00,0xf4,0xff,0x40,0x14,0x25,0x30,0xe0,0x02,
    0xc8,0xff,0x00,0x10,0x25,0x28,0x00,0x01,0x54,0x00,0x02,0x96,0x00,0x00,0x00,0x00,
    0x01,0x00,0x42,0x24,0xb2,0xff,0x00,0x10,0x54,0x00,0x02,0xa6,0xb8,0xff,0xbd,0x27,
    0x30,0x00,0xb4,0xaf,0x28,0x00,0xb2,0xaf,0x00,0xb0,0x14,0x3c,0x00,0x00,0x92,0x8c,
    0x34,0x00,0xb5,0xaf,0x2c,0x00,0xb3,0xaf,0x20,0x00,0xb0,0xaf,0x44,0x00,0xbf,0xaf,
    0x40,0x00,0xbe,0xaf,0x3c,0x00,0xb7,0xaf,0x38,0x00,0xb6,0xaf,0x24,0x00,0xb1,0xaf,
    0x25,0x80,0x80,0x00,0x25,0x98,0x00,0x00,0xfc,0xff,0x15,0x24,0x00,0x30,0x94,0x26,
    0x10,0x00,0xa6,0x27,0x14,0x00,0xa5,0x27,0x25,0x20,0x00,0x02,0x60,0x00,0x11,0x04,
    0x14,0x00,0xa0,0xaf,0x4e,0x00,0x40,0x18,0x25,0xb0,0x40,0x00,0x10,0x00,0xa2,0x8f,
    0x00,0x00,0x00,0x00,0x10,0x00,0x02,0xae,0x0c,0x00,0x02,0x92,0x00,0x00,0x00,0x00,
    0x40,0x00,0x42,0x2c,0x46,0x00,0x40,0x10,0x03,0x00,0xd7,0x26,0x08,0x00,0x02,0x8e,
    0x24,0xb8,0xf5,0x02,0x2b,0x10,0x57,0x00,0x41,0x00,0x40,0x14,0x00,0x00,0x00,0x00,
    0x0d,0x00,0x11,0x92,0x04,0x0f,0x5e,0x96,0x3f,0x00,0x31,0x32,0x14,0x00,0xa5,0x8f,
    0xc0,0x88,0x11,0x00,0x00,0x10,0xde,0x27,0x0a,0x00,0xa0,0x10,0x21,0x88,0x34,0x02,
    0x03,0x00,0xa3,0x30,0x2d,0x00,0x60,0x14,0x82,0x31,0x16,0x00,0x1b,0x00,0xc0,0x14,
    0x01,0x00,0x07,0x24,0x25,0x10,0x00,0x00,0x2b,0x18,0x56,0x00,0x22,0x00,0x60,0x14,
    0x21,0x18,0xa2,0x00,0x00,0x83,0x02,0x24,0x04,0x00,0x36,0xa6,0x06,0x00,0x3e,0xa6,
    0x10,0x0f,0x40,0xa2,0x00,0x00,0x22,0xa6,0x0d,0x00,0x02,0x92,0x10,0x00,0x00,0xae,
    0x01,0x00,0x42,0x24,0x0d,0x00,0x02,0xa2,0x0c,0x00,0x02,0x92,0x10,0x00,0xa6,0x27,
    0x01,0x00,0x42,0x24,0x0c,0x00,0x02,0xa2,0x08,0x00,0x02,0x8e,0x14,0x00,0xa5,0x27,
    0x23,0x10,0x57,0x00,0x08,0x00,0x02,0xae,0x25,0x20,0x00,0x02,0x45,0x00,0x11,0x04,
    0x01,0x00,0x73,0x26,0xc7,0xff,0x00,0x10,0x10,0x00,0xa6,0x27,0x00,0x34,0x06,0x00,
    0x10,0x00,0xc6,0x34,0x01,0x00,0x04,0x24,0x43,0x01,0x11,0x04,0x18,0x00,0xa5,0xaf,
    0x18,0x00,0xa5,0x8f,0xdf,0xff,0x40,0x04,0x00,0x00,0x00,0x00,0xc0,0xff,0x02,0x24,
    0xdd,0xff,0x00,0x10,0x24,0x10,0xc2,0x02,0x00,0x00,0x63,0x8c,0x04,0x00,0x42,0x24,
    0x00,0x10,0x43,0xae,0xd9,0xff,0x00,0x10,0x2b,0x18,0x56,0x00,0x21,0x18,0xa2,0x00,
    0x03,0x00,0x64,0x88,0x04,0x00,0x42,0x24,0x00,0x00,0x64,0x98,0x2b,0x18,0x56,0x00,
    0xfa,0xff,0x60,0x14,0x00,0x10,0x44,0xae,0xd3,0xff,0x00,0x10,0x00,0x83,0x02,0x24,
    0x44,0x00,0xbf,0x8f,0x40,0x00,0xbe,0x8f,0x3c,0x00,0xb7,0x8f,0x38,0x00,0xb6,0x8f,
    0x34,0x00,0xb5,0x8f,0x30,0x00,0xb4,0x8f,0x28,0x00,0xb2,0x8f,0x24,0x00,0xb1,0x8f,
    0x20,0x00,0xb0,0x8f,0x25,0x10,0x60,0x02,0x2c,0x00,0xb3,0x8f,0x08,0x00,0xe0,0x03,
    0x48,0x00,0xbd,0x27,0x00,0x00,0x00,0x00,0x00,0x00,0x00,0x00,0x00,0x00,0x00,0x00,
    0x5c,0x00,0x82,0x8c,0x00,0x00,0x00,0x00,0x07,0x00,0x40,0x14,0x25,0x20,0xa0,0x00,
    0x03,0x00,0x00,0x10,0x00,0x00,0x00,0x00,0x1c,0x00,0xbf,0x8f,0x20,0x00,0xbd,0x27,
    0xef,0x00,0x00,0x10,0x00,0x00,0x00,0x00,0x04,0x00,0x42,0x8c,0x00,0x00,0x00,0x00,
    0xfb,0xff,0x40,0x10,0x00,0x00,0x00,0x00,0xe0,0xff,0xbd,0x27,0x1c,0x00,0xbf,0xaf,
    0x09,0xf8,0x40,0x00,0x10,0x00,0xa5,0xaf,0x10,0x00,0xa5,0x8f,0xf2,0xff,0x40,0x18,
    0x25,0x20,0xa0,0x00,0x1c,0x00,0xbf,0x8f,0x00,0x00,0x00,0x00,0x08,0x00,0xe0,0x03,
    0x20,0x00,0xbd,0x27,0x5c,0x00,0x82,0x8c,0x00,0x00,0x00,0x00,0x06,0x00,0x40,0x14,
    0x00,0x00,0x00,0x00,0xdc,0x00,0x00,0x10,0x00,0x00,0x00,0x00,0x14,0x00,0xbf,0x8f,
    0xfc,0xff,0x00,0x10,0x18,0x00,0xbd,0x27,0x08,0x00,0x42,0x8c,0x00,0x00,0x00,0x00,
    0xf8,0xff,0x40,0x10,0x00,0x00,0x00,0x00,0xe8,0xff,0xbd,0x27,0x14,0x00,0xbf,0xaf,
    0x09,0xf8,0x40,0x00,0x25,0x20,0xa0,0x00,0xf4,0xff,0x40,0x10,0x00,0x00,0x00,0x00,
    0x14,0x00,0xbf,0x8f,0x00,0x00,0x00,0x00,0x08,0x00,0xe0,0x03,0x18,0x00,0xbd,0x27,
    0x5c,0x00,0x82,0x8c,0x00,0x00,0x00,0x00,0x09,0x00,0x40,0x14,0x00,0x00,0x00,0x00,
    0x58,0x00,0x84,0x8c,0x04,0x00,0x00,0x10,0x25,0x28,0x00,0x00,0x1c,0x00,0xbf,0x8f,
    0x58,0x00,0x84,0x8c,0x20,0x00,0xbd,0x27,0xbb,0x00,0x00,0x10,0x00,0x00,0x00,0x00,
    0x0c,0x00,0x42,0x8c,0x00,0x00,0x00,0x00,0xf5,0xff,0x40,0x10,0x00,0x00,0x00,0x00,
    0xe0,0xff,0xbd,0x27,0x1c,0x00,0xbf,0xaf,0x09,0xf8,0x40,0x00,0x10,0x00,0xa4,0xaf,
    0x10,0x00,0xa4,0x8f,0xf1,0xff,0x40,0x10,0x25,0x28,0x00,0x00,0x1c,0x00,0xbf,0x8f,
    0x00,0x00,0x00,0x00,0x08,0x00,0xe0,0x03,0x20,0x00,0xbd,0x27,0x5c,0x00,0x82,0x8c,
    0x00,0x00,0x00,0x00,0x09,0x00,0x40,0x14,0x00,0x00,0x00,0x00,0x58,0x00,0x84,0x8c,
    0x04,0x00,0x00,0x10,0x01,0x00,0x05,0x24,0x1c,0x00,0xbf,0x8f,0x58,0x00,0x84,0x8c,
    0x20,0x00,0xbd,0x27,0xa0,0x00,0x00,0x10,0x00,0x00,0x00,0x00,0x10,0x00,0x42,0x8c,
    0x00,0x00,0x00,0x00,0xf5,0xff,0x40,0x10,0x00,0x00,0x00,0x00,0xe0,0xff,0xbd,0x27,
    0x1c,0x00,0xbf,0xaf,0x09,0xf8,0x40,0x00,0x10,0x00,0xa4,0xaf,0x10,0x00,0xa4,0x8f,
    0xf1,0xff,0x40,0x10,0x01,0x00,0x05,0x24,0x1c,0x00,0xbf,0x8f,0x00,0x00,0x00,0x00,
    0x08,0x00,0xe0,0x03,0x20,0x00,0xbd,0x27,0x25,0x10,0x80,0x00,0x5c,0x00,0x42,0x8c,
    0x25,0x20,0xa0,0x00,0x06,0x00,0x40,0x14,0x25,0x28,0xc0,0x00,0x80,0x00,0x00,0x10,
    0x00,0x00,0x00,0x00,0x1c,0x00,0xbf,0x8f,0xfc,0xff,0x00,0x10,0x20,0x00,0xbd,0x27,
    0x14,0x00,0x42,0x8c,0x00,0x00,0x00,0x00,0xf8,0xff,0x40,0x10,0x00,0x00,0x00,0x00,
    0xe0,0xff,0xbd,0x27,0x1c,0x00,0xbf,0xaf,0x10,0x00,0xa4,0xaf,0x09,0xf8,0x40,0x00,
    0x14,0x00,0xa6,0xaf,0x10,0x00,0xa4,0x8f,0x14,0x00,0xa5,0x8f,0xf1,0xff,0x40,0x10,
    0x00,0x00,0x00,0x00,0x1c,0x00,0xbf,0x8f,0x00,0x00,0x00,0x00,0x08,0x00,0xe0,0x03,
    0x20,0x00,0xbd,0x27,0x5c,0x00,0x82,0x8c,0x00,0x00,0x00,0x00,0x07,0x00,0x40,0x14,
    0x25,0x20,0xa0,0x00,0x03,0x00,0x00,0x10,0x00,0x00,0x00,0x00,0x1c,0x00,0xbf,0x8f,
    0x20,0x00,0xbd,0x27,0x66,0x00,0x00,0x10,0x00,0x00,0x00,0x00,0x18,0x00,0x42,0x8c,
    0x00,0x00,0x00,0x00,0xfb,0xff,0x40,0x10,0x00,0x00,0x00,0x00,0xe0,0xff,0xbd,0x27,
    0x1c,0x00,0xbf,0xaf,0x09,0xf8,0x40,0x00,0x10,0x00,0xa5,0xaf,0x10,0x00,0xa5,0x8f,
    0xf2,0xff,0x40,0x10,0x25,0x20,0xa0,0x00,0x1c,0x00,0xbf,0x8f,0x00,0x00,0x00,0x00,
    0x08,0x00,0xe0,0x03,0x20,0x00,0xbd,0x27,0x00,0x00,0x00,0x00,0x00,0x00,0x00,0x00,
    0x00,0x00,0xe0,0x41,0x00,0x00,0x00,0x00,0x01,0x01,0x00,0x00,0x74,0x68,0x62,0x61,
    0x73,0x65,0x00,0x00,0x08,0x00,0xe0,0x03,0x04,0x00,0x00,0x24,0x08,0x00,0xe0,0x03,
    0x06,0x00,0x00,0x24,0x08,0x00,0xe0,0x03,0x21,0x00,0x00,0x24,0x08,0x00,0xe0,0x03,
    0x0a,0x00,0x00,0x24,0x08,0x00,0xe0,0x03,0x05,0x00,0x00,0x24,0x08,0x00,0xe0,0x03,
    0x23,0x00,0x00,0x24,0x08,0x00,0xe0,0x03,0x25,0x00,0x00,0x24,0x08,0x00,0xe0,0x03,
    0x27,0x00,0x00,0x24,0x00,0x00,0x00,0x00,0x00,0x00,0x00,0x00,0x00,0x00,0xe0,0x41,
    0x00,0x00,0x00,0x00,0x02,0x01,0x00,0x00,0x73,0x74,0x64,0x69,0x6f,0x00,0x00,0x00,
    0x08,0x00,0xe0,0x03,0x04,0x00,0x00,0x24,0x00,0x00,0x00,0x00,0x00,0x00,0x00,0x00,
    0x00,0x00,0xe0,0x41,0x00,0x00,0x00,0x00,0x01,0x01,0x00,0x00,0x73,0x79,0x73,0x63,
    0x6c,0x69,0x62,0x00,0x08,0x00,0xe0,0x03,0x0c,0x00,0x00,0x24,0x08,0x00,0xe0,0x03,
    0x16,0x00,0x00,0x24,0x08,0x00,0xe0,0x03,0x26,0x00,0x00,0x24,0x08,0x00,0xe0,0x03,
    0x1d,0x00,0x00,0x24,0x08,0x00,0xe0,0x03,0x11,0x00,0x00,0x24,0x08,0x00,0xe0,0x03,
    0x08,0x00,0x00,0x24,0x00,0x00,0x00,0x00,0x00,0x00,0x00,0x00,0x00,0x00,0xe0,0x41,
    0x00,0x00,0x00,0x00,0x02,0x01,0x00,0x00,0x69,0x6e,0x74,0x72,0x6d,0x61,0x6e,0x00,
    0x08,0x00,0xe0,0x03,0x11,0x00,0x00,0x24,0x08,0x00,0xe0,0x03,0x12,0x00,0x00,0x24,
    0x08,0x00,0xe0,0x03,0x17,0x00,0x00,0x24,0x00,0x00,0x00,0x00,0x00,0x00,0x00,0x00,
    0x00,0x00,0xe0,0x41,0x00,0x00,0x00,0x00,0x01,0x01,0x00,0x00,0x6c,0x6f,0x61,0x64,
    0x63,0x6f,0x72,0x65,0x08,0x00,0xe0,0x03,0x06,0x00,0x00,0x24,0x08,0x00,0xe0,0x03,
    0x07,0x00,0x00,0x24,0x00,0x00,0x00,0x00,0x00,0x00,0x00,0x00,0x00,0x00,0xe0,0x41,
    0x00,0x00,0x00,0x00,0x01,0x03,0x00,0x00,0x6e,0x65,0x74,0x6d,0x61,0x6e,0x00,0x00,
    0x08,0x00,0xe0,0x03,0x08,0x00,0x00,0x24,0x08,0x00,0xe0,0x03,0x09,0x00,0x00,0x24,
    0x08,0x00,0xe0,0x03,0x0a,0x00,0x00,0x24,0x08,0x00,0xe0,0x03,0x0b,0x00,0x00,0x24,
    0x08,0x00,0xe0,0x03,0x0c,0x00,0x00,0x24,0x08,0x00,0xe0,0x03,0x0d,0x00,0x00,0x24,
    0x08,0x00,0xe0,0x03,0x12,0x00,0x00,0x24,0x08,0x00,0xe0,0x03,0x13,0x00,0x00,0x24,
    0x00,0x00,0x00,0x00,0x00,0x00,0x00,0x00,0x00,0x00,0xe0,0x41,0x00,0x00,0x00,0x00,
    0x01,0x01,0x00,0x00,0x74,0x68,0x65,0x76,0x65,0x6e,0x74,0x00,0x08,0x00,0xe0,0x03,
    0x04,0x00,0x00,0x24,0x08,0x00,0xe0,0x03,0x0a,0x00,0x00,0x24,0x08,0x00,0xe0,0x03,
    0x06,0x00,0x00,0x24,0x08,0x00,0xe0,0x03,0x07,0x00,0x00,0x24,0x08,0x00,0xe0,0x03,
    0x05,0x00,0x00,0x24,0x00,0x00,0x00,0x00,0x00,0x00,0x00,0x00,0x00,0x00,0xe0,0x41,
    0x00,0x00,0x00,0x00,0x09,0x01,0x00,0x00,0x64,0x65,0x76,0x39,0x00,0x00,0x00,0x00,
    0x08,0x00,0xe0,0x03,0x07,0x00,0x00,0x24,0x08,0x00,0xe0,0x03,0x08,0x00,0x00,0x24,
    0x08,0x00,0xe0,0x03,0x04,0x00,0x00,0x24,0x08,0x00,0xe0,0x03,0x0c,0x00,0x00,0x24,
    0x08,0x00,0xe0,0x03,0x0d,0x00,0x00,0x24,0x08,0x00,0xe0,0x03,0x05,0x00,0x00,0x24,
    0x08,0x00,0xe0,0x03,0x09,0x00,0x00,0x24,0x00,0x00,0x00,0x00,0x00,0x00,0x00,0x00,
    0x94,0x14,0x00,0x00,0xe8,0x14,0x00,0x00,0xf8,0x14,0x00,0x00,0x08,0x15,0x00,0x00,
    0x18,0x15,0x00,0x00,0x28,0x15,0x00,0x00,0x38,0x15,0x00,0x00,0x48,0x15,0x00,0x00,
    0x58,0x15,0x00,0x00,0x48,0x16,0x00,0x00,0x68,0x15,0x00,0x00,0x01,0x00,0x00,0x00,
    0x6c,0x02,0x00,0x00,0xd8,0x12,0x00,0x00,0x10,0x02,0x00,0x00,0x4c,0x0d,0x00,0x00,
    0x7f,0x2e,0x00,0x00,0xa4,0x2e,0x00,0x00,0x56,0x65,0x72,0x73,0x69,0x6f,0x6e,0x20,
    0x32,0x2e,0x32,0x36,0x2e,0x30,0x00,0x00,0x00,0x00,0x00,0x00,0x00,0x00,0x00,0x00,
    0x53,0x4d,0x41,0x50,0x3a,0x20,0x6d,0x6f,0x64,0x75,0x6c,0x65,0x20,0x61,0x6c,0x72,
    0x65,0x61,0x64,0x79,0x20,0x6c,0x6f,0x61,0x64,0x65,0x64,0x0a,0x00,0x00,0x00,0x00,
    0x53,0x4d,0x41,0x50,0x3a,0x20,0x73,0x6d,0x61,0x70,0x5f,0x69,0x6e,0x69,0x74,0x20,
    0x2d,0x3e,0x20,0x25,0x64,0x0a,0x00,0x00,0x53,0x4d,0x41,0x50,0x5f,0x64,0x72,0x69,
    0x76,0x65,0x72,0x00,0x00,0x00,0x00,0x00,0x00,0x00,0x00,0x00,0x00,0x00,0x00,0x00,
    0x5f,0x73,0x6d,0x61,0x70,0x5f,0x72,0x65,0x61,0x64,0x5f,0x70,0x68,0x79,0x00,0x00,
    0x53,0x4d,0x41,0x50,0x3a,0x20,0x25,0x73,0x3a,0x20,0x3e,0x20,0x25,0x75,0x20,0x6d,
    0x73,0x0a,0x00,0x00,0x5f,0x73,0x6d,0x61,0x70,0x5f,0x77,0x72,0x69,0x74,0x65,0x5f,
    0x70,0x68,0x79,0x00,0x73,0x6d,0x61,0x70,0x3a,0x20,0x25,0x73,0x3a,0x20,0x3e,0x20,
    0x25,0x75,0x20,0x6d,0x73,0x0a,0x00,0x00,0x53,0x4d,0x41,0x50,0x3a,0x20,0x72,0x65,
    0x73,0x74,0x61,0x72,0x74,0x69,0x6e,0x67,0x20,0x61,0x75,0x74,0x6f,0x20,0x6e,0x65,
    0x67,0x6f,0x20,0x28,0x42,0x4d,0x43,0x52,0x3d,0x30,0x78,0x25,0x78,0x2c,0x20,0x42,
    0x4d,0x53,0x52,0x3d,0x30,0x78,0x25,0x78,0x29,0x0a,0x00,0x00,0x31,0x30,0x30,0x42,
    0x61,0x73,0x65,0x54,0x58,0x00,0x00,0x00,0x31,0x30,0x42,0x61,0x73,0x65,0x54,0x00,
    0x46,0x75,0x6c,0x6c,0x00,0x00,0x00,0x00,0x48,0x61,0x6c,0x66,0x00,0x00,0x00,0x00,
    0x77,0x69,0x74,0x68,0x00,0x00,0x00,0x00,0x77,0x69,0x74,0x68,0x6f,0x75,0x74,0x00,
    0x53,0x4d,0x41,0x50,0x3a,0x20,0x52,0x65,0x73,0x65,0x74,0x74,0x69,0x6e,0x67,0x20,
    0x50,0x48,0x59,0x0a,0x00,0x00,0x00,0x00,0x53,0x4d,0x41,0x50,0x3a,0x20,0x50,0x48,
    0x59,0x20,0x72,0x65,0x73,0x65,0x74,0x20,0x65,0x72,0x72,0x6f,0x72,0x0a,0x00,0x00,
    0x53,0x4d,0x41,0x50,0x3a,0x20,0x6e,0x6f,0x20,0x61,0x75,0x74,0x6f,0x20,0x6d,0x6f,
    0x64,0x65,0x20,0x28,0x63,0x6f,0x6e,0x66,0x3d,0x30,0x78,0x25,0x78,0x29,0x0a,0x00,
    0x53,0x4d,0x41,0x50,0x3a,0x20,0x57,0x61,0x69,0x74,0x69,0x6e,0x67,0x20,0x56,0x61,
    0x6c,0x69,0x64,0x20,0x4c,0x69,0x6e,0x6b,0x20,0x66,0x6f,0x72,0x20,0x25,0x64,0x4d,
    0x62,0x70,0x73,0x0a,0x00,0x00,0x00,0x00,0x53,0x4d,0x41,0x50,0x3a,0x20,0x6e,0x6f,
    0x20,0x73,0x74,0x72,0x61,0x70,0x20,0x6d,0x6f,0x64,0x65,0x20,0x28,0x63,0x6f,0x6e,
    0x66,0x3d,0x30,0x78,0x25,0x78,0x2d,0x3e,0x30,0x78,0x25,0x78,0x2c,0x20,0x62,0x6d,
    0x73,0x72,0x3d,0x30,0x78,0x25,0x78,0x29,0x0a,0x00,0x00,0x00,0x53,0x4d,0x41,0x50,
    0x3a,0x20,0x61,0x6e,0x61,0x72,0x3d,0x30,0x78,0x25,0x78,0x2d,0x3e,0x30,0x78,0x25,
    0x78,0x0a,0x00,0x00,0x53,0x4d,0x41,0x50,0x3a,0x20,0x61,0x75,0x74,0x6f,0x20,0x6d,
    0x6f,0x64,0x65,0x20,0x28,0x42,0x4d,0x43,0x52,0x3d,0x30,0x78,0x25,0x78,0x20,0x41,
    0x4e,0x41,0x52,0x3d,0x30,0x78,0x25,0x78,0x29,0x0a,0x00,0x00,0x53,0x4d,0x41,0x50,
    0x3a,0x20,0x77,0x61,0x69,0x74,0x69,0x6e,0x67,0x20,0x76,0x61,0x6c,0x69,0x64,0x20,
    0x6c,0x69,0x6e,0x6b,0x20,0x66,0x6f,0x72,0x20,0x31,0x30,0x30,0x4d,0x62,0x70,0x73,
    0x20,0x48,0x61,0x6c,0x66,0x2d,0x44,0x75,0x70,0x6c,0x65,0x78,0x0a,0x00,0x00,0x00,
    0x53,0x4d,0x41,0x50,0x3a,0x20,0x77,0x61,0x69,0x74,0x69,0x6e,0x67,0x20,0x76,0x61,
    0x6c,0x69,0x64,0x20,0x6c,0x69,0x6e,0x6b,0x20,0x66,0x6f,0x72,0x20,0x31,0x30,0x4d,
    0x62,0x70,0x73,0x20,0x48,0x61,0x6c,0x66,0x2d,0x44,0x75,0x70,0x6c,0x65,0x78,0x0a,
    0x00,0x00,0x00,0x00,0x53,0x4d,0x41,0x50,0x3a,0x20,0x50,0x48,0x59,0x3a,0x20,0x25,
    0x30,0x34,0x78,0x20,0x25,0x30,0x34,0x78,0x20,0x25,0x30,0x34,0x78,0x20,0x25,0x30,
    0x34,0x78,0x20,0x25,0x30,0x34,0x78,0x20,0x25,0x30,0x34,0x78,0x0a,0x00,0x00,0x00,
    0x53,0x4d,0x41,0x50,0x3a,0x20,0x46,0x43,0x53,0x43,0x52,0x3d,0x25,0x64,0x20,0x52,
    0x45,0x43,0x52,0x3d,0x25,0x64,0x0a,0x00,0x53,0x4d,0x41,0x50,0x3a,0x20,0x50,0x48,
    0x59,0x20,0x63,0x68,0x69,0x70,0x3a,0x20,0x44,0x50,0x38,0x33,0x38,0x34,0x36,0x41,
    0x25,0x64,0x0a,0x00,0x53,0x4d,0x41,0x50,0x3a,0x20,0x25,0x73,0x20,0x25,0x73,0x20,
    0x44,0x75,0x70,0x6c,0x65,0x78,0x20,0x4d,0x6f,0x64,0x65,0x20,0x25,0x73,0x20,0x46,
    0x6c,0x6f,0x77,0x20,0x43,0x6f,0x6e,0x74,0x72,0x6f,0x6c,0x0a,0x00,0x00,0x00,0x00,
    0x53,0x4d,0x41,0x50,0x3a,0x20,0x57,0x61,0x69,0x74,0x45,0x76,0x65,0x6e,0x74,0x46,
    0x6c,0x61,0x67,0x20,0x2d,0x3e,0x20,0x25,0x64,0x0a,0x00,0x00,0x53,0x4d,0x41,0x50,
    0x20,0x28,0x25,0x73,0x29,0x0a,0x00,0x00,0x55,0x73,0x61,0x67,0x65,0x3a,0x20,0x73,
    0x6d,0x61,0x70,0x20,0x5b,0x3c,0x6f,0x70,0x74,0x69,0x6f,0x6e,0x3e,0x5d,0x20,0x5b,
    0x74,0x68,0x70,0x72,0x69,0x3d,0x3c,0x70,0x72,0x69,0x6f,0x3e,0x5d,0x20,0x5b,0x74,
    0x68,0x73,0x74,0x61,0x63,0x6b,0x3d,0x3c,0x73,0x74,0x61,0x63,0x6b,0x3e,0x5d,0x20,
    0x5b,0x3c,0x63,0x6f,0x6e,0x66,0x3e,0x5d,0x0a,0x20,0x20,0x3c,0x6f,0x70,0x74,0x69,
    0x6f,0x6e,0x3e,0x3a,0x0a,0x20,0x20,0x20,0x20,0x2d,0x76,0x65,0x72,0x62,0x6f,0x73,
    0x65,0x20,0x20,0x20,0x20,0x20,0x20,0x20,0x64,0x69,0x73,0x70,0x6c,0x61,0x79,0x20,
    0x76,0x65,0x72,0x62,0x6f,0x73,0x65,0x20,0x6d,0x65,0x73,0x73,0x61,0x67,0x65,0x73,
    0x0a,0x20,0x20,0x20,0x20,0x2d,0x61,0x75,0x74,0x6f,0x20,0x20,0x20,0x20,0x20,0x20,
    0x20,0x20,0x20,0x20,0x61,0x75,0x74,0x6f,0x20,0x6e,0x65,0x67,0x6f,0x20,0x65,0x6e,
    0x61,0x62,0x6c,0x65,0x20,0x20,0x20,0x20,0x20,0x20,0x20,0x20,0x20,0x20,0x20,0x20,
    0x5b,0x64,0x65,0x66,0x61,0x75,0x6c,0x74,0x5d,0x0a,0x20,0x20,0x20,0x20,0x2d,0x6e,
    0x6f,0x5f,0x61,0x75,0x74,0x6f,0x20,0x20,0x20,0x20,0x20,0x20,0x20,0x66,0x69,0x78,
    0x65,0x64,0x20,0x6d,0x6f,0x64,0x65,0x0a,0x20,0x20,0x20,0x20,0x2d,0x73,0x74,0x72,
    0x61,0x70,0x20,0x20,0x20,0x20,0x20,0x20,0x20,0x20,0x20,0x75,0x73,0x65,0x20,0x70,
    0x69,0x6e,0x2d,0x73,0x74,0x72,0x61,0x70,0x20,0x63,0x6f,0x6e,0x66,0x69,0x67,0x0a,
    0x20,0x20,0x20,0x20,0x2d,0x6e,0x6f,0x5f,0x73,0x74,0x72,0x61,0x70,0x20,0x20,0x20,
    0x20,0x20,0x20,0x64,0x6f,0x20,0x6e,0x6f,0x74,0x20,0x75,0x73,0x65,0x20,0x70,0x69,
    0x6e,0x2d,0x73,0x74,0x72,0x61,0x70,0x20,0x63,0x6f,0x6e,0x66,0x69,0x67,0x20,0x5b,
    0x64,0x65,0x66,0x61,0x75,0x6c,0x74,0x5d,0x0a,0x00,0x00,0x00,0x2d,0x68,0x65,0x6c,
    0x70,0x00,0x00,0x00,0x2d,0x76,0x65,0x72,0x73,0x69,0x6f,0x6e,0x00,0x00,0x00,0x00,
    0x2d,0x76,0x65,0x72,0x62,0x6f,0x73,0x65,0x00,0x00,0x00,0x00,0x2d,0x61,0x75,0x74,
    0x6f,0x00,0x00,0x00,0x2d,0x6e,0x6f,0x5f,0x61,0x75,0x74,0x6f,0x00,0x00,0x00,0x00,
    0x2d,0x73,0x74,0x72,0x61,0x70,0x00,0x00,0x2d,0x6e,0x6f,0x5f,0x73,0x74,0x72,0x61,
    0x70,0x00,0x00,0x00,0x74,0x68,0x70,0x72,0x69,0x3d,0x00,0x00,0x74,0x68,0x73,0x74,
    0x61,0x63,0x6b,0x3d,0x00,0x00,0x00,0x00,0x4b,0x42,0x00,0x00,0x73,0x63,0x61,0x6e,
    0x5f,0x6e,0x75,0x6d,0x62,0x65,0x72,0x00,0x73,0x6d,0x61,0x70,0x3a,0x20,0x25,0x73,
    0x3a,0x20,0x25,0x73,0x20,0x2d,0x20,0x69,0x6e,0x76,0x61,0x6c,0x69,0x64,0x20,0x64,
    0x69,0x67,0x69,0x74,0x0a,0x00,0x00,0x00,0x53,0x4d,0x41,0x50,0x3a,0x20,0x43,0x72,
    0x65,0x61,0x74,0x65,0x45,0x76,0x65,0x6e,0x74,0x46,0x6c,0x61,0x67,0x20,0x2d,0x3e,
    0x20,0x25,0x64,0x0a,0x00,0x00,0x00,0x00,0x53,0x4d,0x41,0x50,0x3a,0x20,0x43,0x72,
    0x65,0x61,0x74,0x65,0x54,0x68,0x72,0x65,0x61,0x64,0x20,0x2d,0x3e,0x20,0x25,0x64,
    0x0a,0x00,0x00,0x00,0x73,0x6d,0x61,0x70,0x3a,0x20,0x53,0x74,0x61,0x72,0x74,0x54,
    0x68,0x72,0x65,0x61,0x64,0x20,0x2d,0x3e,0x20,0x25,0x64,0x0a,0x00,0x00,0x00,0x00,
    0x73,0x6d,0x61,0x70,0x3a,0x20,0x4e,0x65,0x74,0x4d,0x61,0x6e,0x52,0x65,0x67,0x69,
    0x73,0x74,0x65,0x72,0x4e,0x65,0x74,0x49,0x46,0x20,0x2d,0x3e,0x20,0x25,0x64,0x0a,
    0x00,0x00,0x00,0x00,0x00,0x00,0x00,0x00,0x00,0x00,0x00,0x00,0x00,0x00,0x00,0x00,
    0x18,0x29,0x00,0x00,0x1a,0x02,0x00,0x00,0x00,0x00,0x00,0x00,0x00,0x00,0x00,0x00,
    0x53,0x4d,0x41,0x50,0x00,0x00,0x00,0x00,0x98,0x12,0x00,0x00,0x48,0x12,0x00,0x00,
    0xd8,0x12,0x00,0x00,0xf4,0x13,0x00,0x00,0x00,0x00,0x00,0x00,0xe0,0x05,0x00,0x00,
    0x01,0x00,0x00,0x00,0x00,0x10,0x00,0x00,0x28,0x00,0x00,0x00,0x00,0x00,0x00,0x00,
    0x00,0x2e,0x69,0x6f,0x70,0x6d,0x6f,0x64,0x00,0x2e,0x74,0x65,0x78,0x74,0x00,0x2e,
    0x72,0x65,0x6c,0x2e,0x74,0x65,0x78,0x74,0x00,0x2e,0x72,0x6f,0x64,0x61,0x74,0x61,
    0x00,0x2e,0x72,0x65,0x6c,0x2e,0x72,0x6f,0x64,0x61,0x74,0x61,0x00,0x2e,0x64,0x61,
    0x74,0x61,0x00,0x2e,0x72,0x65,0x6c,0x2e,0x64,0x61,0x74,0x61,0x00,0x2e,0x62,0x73,
    0x73,0x00,0x2e,0x73,0x68,0x73,0x74,0x72,0x74,0x61,0x62,0x00,0x2e,0x73,0x79,0x6d,
    0x74,0x61,0x62,0x00,0x2e,0x73,0x74,0x72,0x74,0x61,0x62,0x00,0x00,0x00,0x00,0x00,
    0x00,0x00,0x00,0x00,0x00,0x00,0x00,0x00,0x00,0x00,0x00,0x00,0x00,0x00,0x00,0x00,
    0x00,0x00,0x00,0x00,0x00,0x00,0x00,0x00,0x00,0x00,0x00,0x00,0x00,0x00,0x00,0x00,
    0x00,0x00,0x00,0x00,0x01,0x00,0x00,0x00,0x80,0x00,0x00,0x70,0x00,0x00,0x00,0x00,
    0x00,0x00,0x00,0x00,0x74,0x00,0x00,0x00,0x1b,0x00,0x00,0x00,0x00,0x00,0x00,0x00,
    0x00,0x00,0x00,0x00,0x04,0x00,0x00,0x00,0x00,0x00,0x00,0x00,0x09,0x00,0x00,0x00,
    0x01,0x00,0x00,0x00,0x06,0x00,0x00,0x00,0x00,0x00,0x00,0x00,0x90,0x00,0x00,0x00,
    0x80,0x28,0x00,0x00,0x00,0x00,0x00,0x00,0x00,0x00,0x00,0x00,0x10,0x00,0x00,0x00,
    0x00,0x00,0x00,0x00,0x0f,0x00,0x00,0x00,0x09,0x00,0x00,0x00,0x40,0x00,0x00,0x00,
    0x00,0x00,0x00,0x00,0x3c,0x31,0x00,0x00,0xb8,0x08,0x00,0x00,0x0a,0x00,0x00,0x00,
    0x02,0x00,0x00,0x00,0x04,0x00,0x00,0x00,0x08,0x00,0x00,0x00,0x19,0x00,0x00,0x00,
    0x01,0x00,0x00,0x00,0x02,0x00,0x00,0x00,0x80,0x28,0x00,0x00,0x10,0x29,0x00,0x00,
    0xa1,0x05,0x00,0x00,0x00,0x00,0x00,0x00,0x00,0x00,0x00,0x00,0x10,0x00,0x00,0x00,
    0x00,0x00,0x00,0x00,0x21,0x00,0x00,0x00,0x09,0x00,0x00,0x00,0x40,0x00,0x00,0x00,
    0x00,0x00,0x00,0x00,0xf4,0x39,0x00,0x00,0x88,0x00,0x00,0x00,0x0a,0x00,0x00,0x00,
    0x04,0x00,0x00,0x00,0x04,0x00,0x00,0x00,0x08,0x00,0x00,0x00,0x2d,0x00,0x00,0x00,
    0x01,0x00,0x00,0x00,0x03,0x00,0x00,0x00,0x30,0x2e,0x00,0x00,0xc0,0x2e,0x00,0x00,
    0x40,0x00,0x00,0x00,0x00,0x00,0x00,0x00,0x00,0x00,0x00,0x00,0x10,0x00,0x00,0x00,
    0x00,0x00,0x00,0x00,0x33,0x00,0x00,0x00,0x09,0x00,0x00,0x00,0x40,0x00,0x00,0x00,
    0x00,0x00,0x00,0x00,0x7c,0x3a,0x00,0x00,0x28,0x00,0x00,0x00,0x0a,0x00,0x00,0x00,
    0x06,0x00,0x00,0x00,0x04,0x00,0x00,0x00,0x08,0x00,0x00,0x00,0x3d,0x00,0x00,0x00,
    0x08,0x00,0x00,0x00,0x03,0x00,0x00,0x00,0x70,0x2e,0x00,0x00,0x00,0x2f,0x00,0x00,
    0x70,0x00,0x00,0x00,0x00,0x00,0x00,0x00,0x00,0x00,0x00,0x00,0x10,0x00,0x00,0x00,
    0x00,0x00,0x00,0x00,0x42,0x00,0x00,0x00,0x03,0x00,0x00,0x00,0x00,0x00,0x00,0x00,
    0x00,0x00,0x00,0x00,0x00,0x2f,0x00,0x00,0x5c,0x00,0x00,0x00,0x00,0x00,0x00,0x00,
    0x00,0x00,0x00,0x00,0x01,0x00,0x00,0x00,0x00,0x00,0x00,0x00,0x4c,0x00,0x00,0x00,
    0x02,0x00,0x00,0x00,0x00,0x00,0x00,0x00,0x00,0x00,0x00,0x00,0xa4,0x3a,0x00,0x00,
    0x10,0x00,0x00,0x00,0x0b,0x00,0x00,0x00,0x01,0x00,0x00,0x00,0x04,0x00,0x00,0x00,
    0x10,0x00,0x00,0x00,0x54,0x00,0x00,0x00,0x03,0x00,0x00,0x00,0x00,0x00,0x00,0x00,
    0x00,0x00,0x00,0x00,0xb4,0x3a,0x00,0x00,0x01,0x00,0x00,0x00,0x00,0x00,0x00,0x00,
    0x00,0x00,0x00,0x00,0x01,0x00,0x00,0x00,0x00,0x00,0x00,0x00,0x14,0x00,0x00,0x00,
    0x02,0x00,0x00,0x00,0x18,0x00,0x00,0x00,0x02,0x00,0x00,0x00,0x1c,0x00,0x00,0x00,
    0x02,0x00,0x00,0x00,0x20,0x00,0x00,0x00,0x02,0x00,0x00,0x00,0x3c,0x00,0x00,0x00,
    0x02,0x00,0x00,0x00,0x40,0x00,0x00,0x00,0x02,0x00,0x00,0x00,0x44,0x00,0x00,0x00,
    0x02,0x00,0x00,0x00,0x48,0x00,0x00,0x00,0x02,0x00,0x00,0x00,0x4c,0x00,0x00,0x00,
    0x02,0x00,0x00,0x00,0x68,0x00,0x00,0x00,0x05,0x00,0x00,0x00,0x6c,0x00,0x00,0x00,
    0x06,0x00,0x00,0x00,0x88,0x00,0x00,0x00,0x05,0x00,0x00,0x00,0x8c,0x00,0x00,0x00,
    0x06,0x00,0x00,0x00,0xac,0x00,0x00,0x00,0x05,0x00,0x00,0x00,0xb4,0x00,0x00,0x00,
    0x06,0x00,0x00,0x00,0xe0,0x00,0x00,0x00,0x05,0x00,0x00,0x00,0xe4,0x00,0x00,0x00,
    0x06,0x00,0x00,0x00,0xf0,0x00,0x00,0x00,0x05,0x00,0x00,0x00,0xf4,0x00,0x00,0x00,
    0x06,0x00,0x00,0x00,0x10,0x01,0x00,0x00,0x05,0x00,0x00,0x00,0x14,0x01,0x00,0x00,
    0x06,0x00,0x00,0x00,0x40,0x01,0x00,0x00,0x05,0x00,0x00,0x00,0x44,0x01,0x00,0x00,
    0x06,0x00,0x00,0x00,0x88,0x01,0x00,0x00,0x05,0x00,0x00,0x00,0x8c,0x01,0x00,0x00,
    0x06,0x00,0x00,0x00,0x74,0x02,0x00,0x00,0x05,0x00,0x00,0x00,0x78,0x02,0x00,0x00,
    0x06,0x00,0x00,0x00,0xa8,0x03,0x00,0x00,0x05,0x00,0x00,0x00,0xac,0x03,0x00,0x00,
    0x06,0x00,0x00,0x00,0xb0,0x03,0x00,0x00,0x05,0x00,0x00,0x00,0xb4,0x03,0x00,0x00,
    0x06,0x00,0x00,0x00,0x60,0x04,0x00,0x00,0x05,0x00,0x00,0x00,0x64,0x04,0x00,0x00,
    0x06,0x00,0x00,0x00,0x68,0x04,0x00,0x00,0x05,0x00,0x00,0x00,0x6c,0x04,0x00,0x00,
    0x06,0x00,0x00,0x00,0x80,0x04,0x00,0x00,0x05,0x00,0x00,0x00,0x84,0x04,0x00,0x00,
    0x06,0x00,0x00,0x00,0xac,0x04,0x00,0x00,0x05,0x00,0x00,0x00,0xb0,0x04,0x00,0x00,
    0x06,0x00,0x00,0x00,0xd8,0x04,0x00,0x00,0x05,0x00,0x00,0x00,0xdc,0x04,0x00,0x00,
    0x06,0x00,0x00,0x00,0x14,0x05,0x00,0x00,0x05,0x00,0x00,0x00,0x1c,0x05,0x00,0x00,
    0x06,0x00,0x00,0x00,0x4c,0x05,0x00,0x00,0x05,0x00,0x00,0x00,0x54,0x05,0x00,0x00,
    0x06,0x00,0x00,0x00,0x8c,0x05,0x00,0x00,0x05,0x00,0x00,0x00,0x90,0x05,0x00,0x00,
    0x06,0x00,0x00,0x00,0xa0,0x05,0x00,0x00,0x05,0x00,0x00,0x00,0xa4,0x05,0x00,0x00,
    0x06,0x00,0x00,0x00,0xb4,0x05,0x00,0x00,0x05,0x00,0x00,0x00,0xb8,0x05,0x00,0x00,
    0x06,0x00,0x00,0x00,0xbc,0x05,0x00,0x00,0x05,0x00,0x00,0x00,0xc4,0x05,0x00,0x00,
    0x06,0x00,0x00,0x00,0xc8,0x05,0x00,0x00,0x05,0x00,0x00,0x00,0xcc,0x05,0x00,0x00,
    0x06,0x00,0x00,0x00,0x08,0x06,0x00,0x00,0x05,0x00,0x00,0x00,0x0c,0x06,0x00,0x00,
    0x06,0x00,0x00,0x00,0x6c,0x06,0x00,0x00,0x05,0x00,0x00,0x00,0x70,0x06,0x00,0x00,
    0x06,0x00,0x00,0x00,0x80,0x06,0x00,0x00,0x05,0x00,0x00,0x00,0x84,0x06,0x00,0x00,
    0x06,0x00,0x00,0x00,0xa8,0x06,0x00,0x00,0x05,0x00,0x00,0x00,0xac,0x06,0x00,0x00,
    0x06,0x00,0x00,0x00,0xb8,0x06,0x00,0x00,0x05,0x00,0x00,0x00,0xbc,0x06,0x00,0x00,
    0x06,0x00,0x00,0x00,0xcc,0x06,0x00,0x00,0x05,0x00,0x00,0x00,0xd0,0x06,0x00,0x00,
    0x06,0x00,0x00,0x00,0xdc,0x06,0x00,0x00,0x05,0x00,0x00,0x00,0xe0,0x06,0x00,0x00,
    0x06,0x00,0x00,0x00,0xf0,0x06,0x00,0x00,0x05,0x00,0x00,0x00,0xf4,0x06,0x00,0x00,
    0x06,0x00,0x00,0x00,0x00,0x07,0x00,0x00,0x05,0x00,0x00,0x00,0x04,0x07,0x00,0x00,
    0x06,0x00,0x00,0x00,0x14,0x07,0x00,0x00,0x05,0x00,0x00,0x00,0x18,0x07,0x00,0x00,
    0x06,0x00,0x00,0x00,0x24,0x07,0x00,0x00,0x05,0x00,0x00,0x00,0x28,0x07,0x00,0x00,
    0x06,0x00,0x00,0x00,0x2c,0x07,0x00,0x00,0x05,0x00,0x00,0x00,0x30,0x07,0x00,0x00,
    0x06,0x00,0x00,0x00,0x38,0x07,0x00,0x00,0x05,0x00,0x00,0x00,0x3c,0x07,0x00,0x00,
    0x06,0x00,0x00,0x00,0x54,0x07,0x00,0x00,0x05,0x00,0x00,0x00,0x58,0x07,0x00,0x00,
    0x06,0x00,0x00,0x00,0x6c,0x07,0x00,0x00,0x05,0x00,0x00,0x00,0x70,0x07,0x00,0x00,
    0x06,0x00,0x00,0x00,0xc0,0x07,0x00,0x00,0x05,0x00,0x00,0x00,0xc4,0x07,0x00,0x00,
    0x06,0x00,0x00,0x00,0x88,0x08,0x00,0x00,0x05,0x00,0x00,0x00,0x8c,0x08,0x00,0x00,
    0x06,0x00,0x00,0x00,0x9c,0x08,0x00,0x00,0x05,0x00,0x00,0x00,0xa4,0x08,0x00,0x00,
    0x06,0x00,0x00,0x00,0x58,0x09,0x00,0x00,0x05,0x00,0x00,0x00,0x5c,0x09,0x00,0x00,
    0x06,0x00,0x00,0x00,0x88,0x09,0x00,0x00,0x05,0x00,0x00,0x00,0x8c,0x09,0x00,0x00,
    0x06,0x00,0x00,0x00,0xb8,0x09,0x00,0x00,0x05,0x00,0x00,0x00,0xbc,0x09,0x00,0x00,
    0x06,0x00,0x00,0x00,0x1c,0x0a,0x00,0x00,0x05,0x00,0x00,0x00,0x20,0x0a,0x00,0x00,
    0x06,0x00,0x00,0x00,0x34,0x0a,0x00,0x00,0x05,0x00,0x00,0x00,0x38,0x0a,0x00,0x00,
    0x06,0x00,0x00,0x00,0x6c,0x0a,0x00,0x00,0x05,0x00,0x00,0x00,0x70,0x0a,0x00,0x00,
    0x06,0x00,0x00,0x00,0x80,0x0a,0x00,0x00,0x05,0x00,0x00,0x00,0x88,0x0a,0x00,0x00,
    0x06,0x00,0x00,0x00,0x20,0x0b,0x00,0x00,0x05,0x00,0x00,0x00,0x24,0x0b,0x00,0x00,
    0x06,0x00,0x00,0x00,0x30,0x0b,0x00,0x00,0x05,0x00,0x00,0x00,0x34,0x0b,0x00,0x00,
    0x06,0x00,0x00,0x00,0x34,0x0c,0x00,0x00,0x05,0x00,0x00,0x00,0x38,0x0c,0x00,0x00,
    0x06,0x00,0x00,0x00,0x78,0x0c,0x00,0x00,0x05,0x00,0x00,0x00,0x7c,0x0c,0x00,0x00,
    0x06,0x00,0x00,0x00,0x88,0x0c,0x00,0x00,0x05,0x00,0x00,0x00,0x8c,0x0c,0x00,0x00,
    0x06,0x00,0x00,0x00,0x90,0x0c,0x00,0x00,0x05,0x00,0x00,0x00,0x98,0x0c,0x00,0x00,
    0x06,0x00,0x00,0x00,0x9c,0x0c,0x00,0x00,0x05,0x00,0x00,0x00,0xa0,0x0c,0x00,0x00,
    0x06,0x00,0x00,0x00,0xa4,0x0c,0x00,0x00,0x05,0x00,0x00,0x00,0xac,0x0c,0x00,0x00,
    0x06,0x00,0x00,0x00,0xb0,0x0c,0x00,0x00,0x05,0x00,0x00,0x00,0xb4,0x0c,0x00,0x00,
    0x06,0x00,0x00,0x00,0xb8,0x0c,0x00,0x00,0x05,0x00,0x00,0x00,0xbc,0x0c,0x00,0x00,
    0x06,0x00,0x00,0x00,0x6c,0x0d,0x00,0x00,0x05,0x00,0x00,0x00,0x74,0x0d,0x00,0x00,
    0x06,0x00,0x00,0x00,0xfc,0x0e,0x00,0x00,0x05,0x00,0x00,0x00,0x00,0x0f,0x00,0x00,
    0x06,0x00,0x00,0x00,0x3c,0x0f,0x00,0x00,0x05,0x00,0x00,0x00,0x40,0x0f,0x00,0x00,
    0x06,0x00,0x00,0x00,0x70,0x11,0x00,0x00,0x05,0x00,0x00,0x00,0x74,0x11,0x00,0x00,
    0x06,0x00,0x00,0x00,0x5c,0x12,0x00,0x00,0x05,0x00,0x00,0x00,0x60,0x12,0x00,0x00,
    0x06,0x00,0x00,0x00,0x64,0x12,0x00,0x00,0x05,0x00,0x00,0x00,0x68,0x12,0x00,0x00,
    0x06,0x00,0x00,0x00,0x78,0x12,0x00,0x00,0x05,0x00,0x00,0x00,0x7c,0x12,0x00,0x00,
    0x06,0x00,0x00,0x00,0xa8,0x12,0x00,0x00,0x05,0x00,0x00,0x00,0xac,0x12,0x00,0x00,
    0x06,0x00,0x00,0x00,0xb0,0x12,0x00,0x00,0x05,0x00,0x00,0x00,0xb4,0x12,0x00,0x00,
    0x06,0x00,0x00,0x00,0xe8,0x12,0x00,0x00,0x05,0x00,0x00,0x00,0xec,0x12,0x00,0x00,
    0x06,0x00,0x00,0x00,0xf0,0x12,0x00,0x00,0x05,0x00,0x00,0x00,0xf4,0x12,0x00,0x00,
    0x06,0x00,0x00,0x00,0x14,0x13,0x00,0x00,0x05,0x00,0x00,0x00,0x18,0x13,0x00,0x00,
    0x06,0x00,0x00,0x00,0x58,0x13,0x00,0x00,0x05,0x00,0x00,0x00,0x5c,0x13,0x00,0x00,
    0x06,0x00,0x00,0x00,0x68,0x13,0x00,0x00,0x05,0x00,0x00,0x00,0x70,0x13,0x00,0x00,
    0x06,0x00,0x00,0x00,0xbc,0x13,0x00,0x00,0x05,0x00,0x00,0x00,0xc0,0x13,0x00,0x00,
    0x06,0x00,0x00,0x00,0xcc,0x13,0x00,0x00,0x05,0x00,0x00,0x00,0xd0,0x13,0x00,0x00,
    0x06,0x00,0x00,0x00,0x08,0x14,0x00,0x00,0x05,0x00,0x00,0x00,0x0c,0x14,0x00,0x00,
    0x06,0x00,0x00,0x00,0x30,0x14,0x00,0x00,0x05,0x00,0x00,0x00,0x34,0x14,0x00,0x00,
    0x06,0x00,0x00,0x00,0xa4,0x14,0x00,0x00,0x05,0x00,0x00,0x00,0xa8,0x14,0x00,0x00,
    0x06,0x00,0x00,0x00,0xc8,0x14,0x00,0x00,0x05,0x00,0x00,0x00,0xcc,0x14,0x00,0x00,
    0x06,0x00,0x00,0x00,0xd8,0x14,0x00,0x00,0x05,0x00,0x00,0x00,0xdc,0x14,0x00,0x00,
    0x06,0x00,0x00,0x00,0xe8,0x14,0x00,0x00,0x05,0x00,0x00,0x00,0xec,0x14,0x00,0x00,
    0x06,0x00,0x00,0x00,0xf8,0x14,0x00,0x00,0x05,0x00,0x00,0x00,0xfc,0x14,0x00,0x00,
    0x06,0x00,0x00,0x00,0x08,0x15,0x00,0x00,0x05,0x00,0x00,0x00,0x0c,0x15,0x00,0x00,
    0x06,0x00,0x00,0x00,0x18,0x15,0x00,0x00,0x05,0x00,0x00,0x00,0x1c,0x15,0x00,0x00,
    0x06,0x00,0x00,0x00,0x28,0x15,0x00,0x00,0x05,0x00,0x00,0x00,0x2c,0x15,0x00,0x00,
    0x06,0x00,0x00,0x00,0x38,0x15,0x00,0x00,0x05,0x00,0x00,0x00,0x3c,0x15,0x00,0x00,
    0x06,0x00,0x00,0x00,0x48,0x15,0x00,0x00,0x05,0x00,0x00,0x00,0x4c,0x15,0x00,0x00,
    0x06,0x00,0x00,0x00,0x58,0x15,0x00,0x00,0x05,0x00,0x00,0x00,0x5c,0x15,0x00,0x00,
    0x06,0x00,0x00,0x00,0x68,0x15,0x00,0x00,0x05,0x00,0x00,0x00,0x6c,0x15,0x00,0x00,
    0x06,0x00,0x00,0x00,0x94,0x15,0x00,0x00,0x05,0x00,0x00,0x00,0x98,0x15,0x00,0x00,
    0x06,0x00,0x00,0x00,0xdc,0x15,0x00,0x00,0x05,0x00,0x00,0x00,0xe0,0x15,0x00,0x00,
    0x06,0x00,0x00,0x00,0xf0,0x15,0x00,0x00,0x05,0x00,0x00,0x00,0xf4,0x15,0x00,0x00,
    0x06,0x00,0x00,0x00,0x00,0x16,0x00,0x00,0x05,0x00,0x00,0x00,0x04,0x16,0x00,0x00,
    0x06,0x00,0x00,0x00,0x2c,0x16,0x00,0x00,0x05,0x00,0x00,0x00,0x30,0x16,0x00,0x00,
    0x06,0x00,0x00,0x00,0x38,0x16,0x00,0x00,0x05,0x00,0x00,0x00,0x3c,0x16,0x00,0x00,
    0x06,0x00,0x00,0x00,0x54,0x16,0x00,0x00,0x05,0x00,0x00,0x00,0x58,0x16,0x00,0x00,
    0x06,0x00,0x00,0x00,0x80,0x16,0x00,0x00,0x05,0x00,0x00,0x00,0x84,0x16,0x00,0x00,
    0x06,0x00,0x00,0x00,0x9c,0x16,0x00,0x00,0x05,0x00,0x00,0x00,0xa0,0x16,0x00,0x00,
    0x06,0x00,0x00,0x00,0xa4,0x16,0x00,0x00,0x05,0x00,0x00,0x00,0xa8,0x16,0x00,0x00,
    0x06,0x00,0x00,0x00,0xdc,0x16,0x00,0x00,0x05,0x00,0x00,0x00,0xe0,0x16,0x00,0x00,
    0x06,0x00,0x00,0x00,0xec,0x16,0x00,0x00,0x05,0x00,0x00,0x00,0xf4,0x16,0x00,0x00,
    0x06,0x00,0x00,0x00,0x04,0x17,0x00,0x00,0x05,0x00,0x00,0x00,0x08,0x17,0x00,0x00,
    0x06,0x00,0x00,0x00,0x24,0x17,0x00,0x00,0x05,0x00,0x00,0x00,0x28,0x17,0x00,0x00,
    0x06,0x00,0x00,0x00,0x30,0x17,0x00,0x00,0x05,0x00,0x00,0x00,0x34,0x17,0x00,0x00,
    0x06,0x00,0x00,0x00,0x3c,0x17,0x00,0x00,0x05,0x00,0x00,0x00,0x40,0x17,0x00,0x00,
    0x06,0x00,0x00,0x00,0x48,0x17,0x00,0x00,0x05,0x00,0x00,0x00,0x4c,0x17,0x00,0x00,
    0x06,0x00,0x00,0x00,0x54,0x17,0x00,0x00,0x05,0x00,0x00,0x00,0x58,0x17,0x00,0x00,
    0x06,0x00,0x00,0x00,0x70,0x19,0x00,0x00,0x05,0x00,0x00,0x00,0x74,0x19,0x00,0x00,
    0x06,0x00,0x00,0x00,0x98,0x19,0x00,0x00,0x05,0x00,0x00,0x00,0x9c,0x19,0x00,0x00,
    0x06,0x00,0x00,0x00,0xbc,0x19,0x00,0x00,0x05,0x00,0x00,0x00,0xc0,0x19,0x00,0x00,
    0x06,0x00,0x00,0x00,0xcc,0x19,0x00,0x00,0x05,0x00,0x00,0x00,0xd0,0x19,0x00,0x00,
    0x06,0x00,0x00,0x00,0xe4,0x19,0x00,0x00,0x05,0x00,0x00,0x00,0xe8,0x19,0x00,0x00,
    0x06,0x00,0x00,0x00,0xf4,0x19,0x00,0x00,0x05,0x00,0x00,0x00,0xf8,0x19,0x00,0x00,
    0x06,0x00,0x00,0x00,0x0c,0x1a,0x00,0x00,0x05,0x00,0x00,0x00,0x10,0x1a,0x00,0x00,
    0x06,0x00,0x00,0x00,0x1c,0x1a,0x00,0x00,0x05,0x00,0x00,0x00,0x20,0x1a,0x00,0x00,
    0x06,0x00,0x00,0x00,0x5c,0x1a,0x00,0x00,0x05,0x00,0x00,0x00,0x60,0x1a,0x00,0x00,
    0x06,0x00,0x00,0x00,0xc4,0x1a,0x00,0x00,0x05,0x00,0x00,0x00,0xc8,0x1a,0x00,0x00,
    0x06,0x00,0x00,0x00,0x04,0x1b,0x00,0x00,0x05,0x00,0x00,0x00,0x08,0x1b,0x00,0x00,
    0x06,0x00,0x00,0x00,0x3c,0x1b,0x00,0x00,0x05,0x00,0x00,0x00,0x40,0x1b,0x00,0x00,
    0x06,0x00,0x00,0x00,0x54,0x1b,0x00,0x00,0x05,0x00,0x00,0x00,0x58,0x1b,0x00,0x00,
    0x06,0x00,0x00,0x00,0x64,0x1b,0x00,0x00,0x05,0x00,0x00,0x00,0x68,0x1b,0x00,0x00,
    0x06,0x00,0x00,0x00,0xec,0x1b,0x00,0x00,0x05,0x00,0x00,0x00,0xf0,0x1b,0x00,0x00,
    0x06,0x00,0x00,0x00,0x10,0x1c,0x00,0x00,0x05,0x00,0x00,0x00,0x14,0x1c,0x00,0x00,
    0x06,0x00,0x00,0x00,0x18,0x1c,0x00,0x00,0x05,0x00,0x00,0x00,0x1c,0x1c,0x00,0x00,
    0x06,0x00,0x00,0x00,0xb0,0x1d,0x00,0x00,0x05,0x00,0x00,0x00,0xb4,0x1d,0x00,0x00,
    0x06,0x00,0x00,0x00,0xdc,0x1d,0x00,0x00,0x05,0x00,0x00,0x00,0xe0,0x1d,0x00,0x00,
    0x06,0x00,0x00,0x00,0xec,0x1d,0x00,0x00,0x05,0x00,0x00,0x00,0xf0,0x1d,0x00,0x00,
    0x06,0x00,0x00,0x00,0x18,0x1e,0x00,0x00,0x05,0x00,0x00,0x00,0x1c,0x1e,0x00,0x00,
    0x06,0x00,0x00,0x00,0x38,0x1e,0x00,0x00,0x05,0x00,0x00,0x00,0x3c,0x1e,0x00,0x00,
    0x06,0x00,0x00,0x00,0x44,0x1e,0x00,0x00,0x05,0x00,0x00,0x00,0x48,0x1e,0x00,0x00,
    0x06,0x00,0x00,0x00,0x54,0x1e,0x00,0x00,0x05,0x00,0x00,0x00,0x58,0x1e,0x00,0x00,
    0x06,0x00,0x00,0x00,0x74,0x1e,0x00,0x00,0x05,0x00,0x00,0x00,0x78,0x1e,0x00,0x00,
    0x06,0x00,0x00,0x00,0x98,0x1e,0x00,0x00,0x05,0x00,0x00,0x00,0x9c,0x1e,0x00,0x00,
    0x06,0x00,0x00,0x00,0xb0,0x1e,0x00,0x00,0x05,0x00,0x00,0x00,0xb4,0x1e,0x00,0x00,
    0x06,0x00,0x00,0x00,0xe0,0x1e,0x00,0x00,0x05,0x00,0x00,0x00,0xe8,0x1e,0x00,0x00,
    0x06,0x00,0x00,0x00,0xf4,0x1e,0x00,0x00,0x05,0x00,0x00,0x00,0xf8,0x1e,0x00,0x00,
    0x06,0x00,0x00,0x00,0x80,0x28,0x00,0x00,0x02,0x00,0x00,0x00,0x84,0x28,0x00,0x00,
    0x02,0x00,0x00,0x00,0x88,0x28,0x00,0x00,0x02,0x00,0x00,0x00,0x8c,0x28,0x00,0x00,
    0x02,0x00,0x00,0x00,0x90,0x28,0x00,0x00,0x02,0x00,0x00,0x00,0x94,0x28,0x00,0x00,
    0x02,0x00,0x00,0x00,0x98,0x28,0x00,0x00,0x02,0x00,0x00,0x00,0x9c,0x28,0x00,0x00,
    0x02,0x00,0x00,0x00,0xa0,0x28,0x00,0x00,0x02,0x00,0x00,0x00,0xa4,0x28,0x00,0x00,
    0x02,0x00,0x00,0x00,0xa8,0x28,0x00,0x00,0x02,0x00,0x00,0x00,0xb0,0x28,0x00,0x00,
    0x02,0x00,0x00,0x00,0xb4,0x28,0x00,0x00,0x02,0x00,0x00,0x00,0xb8,0x28,0x00,0x00,
    0x02,0x00,0x00,0x00,0xbc,0x28,0x00,0x00,0x02,0x00,0x00,0x00,0xc0,0x28,0x00,0x00,
    0x02,0x00,0x00,0x00,0xc4,0x28,0x00,0x00,0x02,0x00,0x00,0x00,0x30,0x2e,0x00,0x00,
    0x02,0x00,0x00,0x00,0x48,0x2e,0x00,0x00,0x02,0x00,0x00,0x00,0x4c,0x2e,0x00,0x00,
    0x02,0x00,0x00,0x00,0x50,0x2e,0x00,0x00,0x02,0x00,0x00,0x00,0x54,0x2e,0x00,0x00,
    0x02,0x00,0x00,0x00,0x00,0x00,0x00,0x00,0x00,0x00,0x00,0x00,0x00,0x00,0x00,0x00,
    0x00,0x00,0x00,0x00,0x00,
};
static const unsigned int smap_irx_size = 15029;

